"matrix","x","y"
"1",0,-73.5
"1",-1,-72.5
"1",-2,-71.5
"1",-3,-70.5
"1",-4,-69.5
"1",-5,-68.5
"1",-6,-67.5
"1",-6,-66.5
"1",-6,-65.5
"1",-5,-64.5
"1",-4,-63.5
"1",-3,-62.5
"1",-2,-61.5
"1",-1,-60.5
"1",0,-59.5
"1",1,-58.5
"1",2,-57.5
"1",3,-56.5
"1",4,-55.5
"1",5,-54.5
"1",4,-53.5
"1",3,-52.5
"1",4,-51.5
"1",5,-50.5
"1",6,-49.5
"1",7,-48.5
"1",8,-47.5
"1",7,-46.5
"1",6,-45.5
"1",7,-44.5
"1",6,-43.5
"1",5,-42.5
"1",4,-41.5
"1",4,-40.5
"1",4,-39.5
"1",4,-38.5
"1",5,-37.5
"1",5,-36.5
"1",6,-35.5
"1",7,-34.5
"1",8,-33.5
"1",9,-32.5
"1",9,-31.5
"1",9,-30.5
"1",9,-29.5
"1",9,-28.5
"1",9,-27.5
"1",9,-26.5
"1",9,-25.5
"1",8,-24.5
"1",7,-23.5
"1",6,-22.5
"1",5,-21.5
"1",4,-20.5
"1",3,-19.5
"1",2,-18.5
"1",2,-17.5
"1",1,-16.5
"1",1,-15.5
"1",0,-14.5
"1",-1,-13.5
"1",-2,-12.5
"1",-3,-11.5
"1",-4,-10.5
"1",-5,-9.5
"1",-6,-8.5
"1",-7,-7.5
"1",-8,-6.5
"1",-9,-5.5
"1",-10,-4.5
"1",-11,-3.5
"1",-12,-2.5
"1",-13,-1.5
"1",-14,-0.5
"1",-15,0.5
"1",-16,1.5
"1",-17,2.5
"1",-17,3.5
"1",-17,4.5
"1",-17,5.5
"1",-17,6.5
"1",-17,7.5
"1",-18,8.5
"1",-19,9.5
"1",-19,10.5
"1",-19,11.5
"1",-19,12.5
"1",-19,13.5
"1",-19,14.5
"1",-19,15.5
"1",-19,16.5
"1",-19,17.5
"1",-19,18.5
"1",-19,19.5
"1",-19,20.5
"1",-19,21.5
"1",-19,22.5
"1",-19,23.5
"1",-18,24.5
"1",-17,25.5
"1",-17,26.5
"1",-17,27.5
"1",-17,28.5
"1",-16,29.5
"1",-16,30.5
"1",-16,31.5
"1",-16,32.5
"1",-16,33.5
"1",-16,34.5
"1",-16,35.5
"1",-16,36.5
"1",-16,37.5
"1",-16,38.5
"1",-16,39.5
"1",-16,40.5
"1",-16,41.5
"1",-16,42.5
"1",-17,43.5
"1",-18,44.5
"1",-19,45.5
"1",-19,46.5
"1",-18,47.5
"1",-17,48.5
"1",-16,49.5
"1",-15,50.5
"1",-14,51.5
"1",-13,52.5
"1",-12,53.5
"1",-11,54.5
"1",-10,55.5
"1",-9,56.5
"1",-8,57.5
"1",-7,58.5
"1",-6,59.5
"1",-5,59.5
"1",-4,59.5
"1",-3,59.5
"1",-2,58.5
"1",-1,57.5
"1",-1,56.5
"1",0,55.5
"1",0,54.5
"2",0,-73.5
"2",-1,-72.5
"2",-2,-71.5
"2",-3,-70.5
"2",-4,-69.5
"2",-5,-68.5
"2",-6,-67.5
"2",-6,-66.5
"2",-6,-65.5
"2",-5,-64.5
"2",-4,-63.5
"2",-3,-62.5
"2",-2,-61.5
"2",-1,-60.5
"2",0,-59.5
"2",1,-58.5
"2",2,-57.5
"2",3,-56.5
"2",4,-55.5
"2",5,-54.5
"2",4,-53.5
"2",3,-52.5
"2",4,-51.5
"2",5,-50.5
"2",6,-49.5
"2",7,-48.5
"2",8,-47.5
"2",7,-46.5
"2",6,-45.5
"2",6,-44.5
"2",5,-43.5
"2",5,-42.5
"2",5,-41.5
"2",5,-40.5
"2",5,-39.5
"2",5,-38.5
"2",5,-37.5
"2",5,-36.5
"2",5,-35.5
"2",6,-34.5
"2",7,-33.5
"2",8,-32.5
"2",8,-31.5
"2",8,-30.5
"2",8,-29.5
"2",8,-28.5
"2",8,-27.5
"2",8,-26.5
"2",8,-25.5
"2",8,-24.5
"2",7,-23.5
"2",6,-22.5
"2",5,-21.5
"2",4,-20.5
"2",3,-19.5
"2",2,-18.5
"2",2,-17.5
"2",1,-16.5
"2",1,-15.5
"2",0,-14.5
"2",-1,-13.5
"2",-2,-12.5
"2",-3,-11.5
"2",-4,-10.5
"2",-5,-9.5
"2",-6,-8.5
"2",-7,-7.5
"2",-8,-6.5
"2",-9,-5.5
"2",-10,-4.5
"2",-11,-3.5
"2",-12,-2.5
"2",-13,-1.5
"2",-14,-0.5
"2",-15,0.5
"2",-16,1.5
"2",-17,2.5
"2",-17,3.5
"2",-17,4.5
"2",-17,5.5
"2",-17,6.5
"2",-17,7.5
"2",-17,8.5
"2",-18,9.5
"2",-18,10.5
"2",-18,11.5
"2",-18,12.5
"2",-18,13.5
"2",-18,14.5
"2",-18,15.5
"2",-18,16.5
"2",-18,17.5
"2",-18,18.5
"2",-18,19.5
"2",-18,20.5
"2",-18,21.5
"2",-18,22.5
"2",-18,23.5
"2",-18,24.5
"2",-17,25.5
"2",-17,26.5
"2",-17,27.5
"2",-17,28.5
"2",-16,29.5
"2",-16,30.5
"2",-16,31.5
"2",-16,32.5
"2",-16,33.5
"2",-16,34.5
"2",-16,35.5
"2",-16,36.5
"2",-16,37.5
"2",-16,38.5
"2",-16,39.5
"2",-16,40.5
"2",-16,41.5
"2",-16,42.5
"2",-16,43.5
"2",-17,44.5
"2",-18,45.5
"2",-18,46.5
"2",-18,47.5
"2",-17,48.5
"2",-16,49.5
"2",-15,50.5
"2",-14,51.5
"2",-13,52.5
"2",-12,53.5
"2",-11,54.5
"2",-10,55.5
"2",-9,56.5
"2",-8,57.5
"2",-7,58.5
"2",-6,59.5
"2",-5,59.5
"2",-4,59.5
"2",-3,59.5
"2",-2,58.5
"2",-1,57.5
"2",-1,56.5
"2",0,55.5
"2",0,54.5
"3",0,-73.5
"3",-1,-72.5
"3",-2,-71.5
"3",-3,-70.5
"3",-4,-69.5
"3",-5,-68.5
"3",-6,-67.5
"3",-6,-66.5
"3",-5,-65.5
"3",-4,-64.5
"3",-3,-63.5
"3",-2,-62.5
"3",-1,-61.5
"3",0,-60.5
"3",1,-59.5
"3",2,-58.5
"3",3,-57.5
"3",4,-56.5
"3",5,-55.5
"3",6,-54.5
"3",5,-53.5
"3",4,-52.5
"3",5,-51.5
"3",6,-50.5
"3",7,-49.5
"3",8,-48.5
"3",7,-47.5
"3",6,-46.5
"3",6,-45.5
"3",6,-44.5
"3",6,-43.5
"3",6,-42.5
"3",6,-41.5
"3",6,-40.5
"3",6,-39.5
"3",6,-38.5
"3",6,-37.5
"3",6,-36.5
"3",6,-35.5
"3",6,-34.5
"3",6,-33.5
"3",7,-32.5
"3",7,-31.5
"3",7,-30.5
"3",7,-29.5
"3",7,-28.5
"3",7,-27.5
"3",7,-26.5
"3",7,-25.5
"3",7,-24.5
"3",7,-23.5
"3",6,-22.5
"3",5,-21.5
"3",4,-20.5
"3",3,-19.5
"3",2,-18.5
"3",2,-17.5
"3",1,-16.5
"3",1,-15.5
"3",0,-14.5
"3",-1,-13.5
"3",-2,-12.5
"3",-3,-11.5
"3",-4,-10.5
"3",-5,-9.5
"3",-6,-8.5
"3",-7,-7.5
"3",-8,-6.5
"3",-9,-5.5
"3",-10,-4.5
"3",-11,-3.5
"3",-12,-2.5
"3",-13,-1.5
"3",-14,-0.5
"3",-15,0.5
"3",-16,1.5
"3",-17,2.5
"3",-17,3.5
"3",-17,4.5
"3",-17,5.5
"3",-17,6.5
"3",-17,7.5
"3",-17,8.5
"3",-18,9.5
"3",-18,10.5
"3",-18,11.5
"3",-18,12.5
"3",-18,13.5
"3",-18,14.5
"3",-18,15.5
"3",-18,16.5
"3",-18,17.5
"3",-18,18.5
"3",-18,19.5
"3",-18,20.5
"3",-18,21.5
"3",-18,22.5
"3",-18,23.5
"3",-18,24.5
"3",-17,25.5
"3",-17,26.5
"3",-17,27.5
"3",-17,28.5
"3",-16,29.5
"3",-16,30.5
"3",-16,31.5
"3",-16,32.5
"3",-16,33.5
"3",-16,34.5
"3",-16,35.5
"3",-16,36.5
"3",-16,37.5
"3",-16,38.5
"3",-16,39.5
"3",-16,40.5
"3",-16,41.5
"3",-16,42.5
"3",-16,43.5
"3",-17,44.5
"3",-17,45.5
"3",-17,46.5
"3",-17,47.5
"3",-17,48.5
"3",-16,49.5
"3",-15,50.5
"3",-14,51.5
"3",-13,52.5
"3",-12,53.5
"3",-11,54.5
"3",-10,55.5
"3",-9,56.5
"3",-8,57.5
"3",-7,58.5
"3",-6,59.5
"3",-5,59.5
"3",-4,59.5
"3",-3,59.5
"3",-2,58.5
"3",-1,57.5
"3",-1,56.5
"3",0,55.5
"3",0,54.5
"4",0,-73.5
"4",-1,-72.5
"4",-2,-71.5
"4",-3,-70.5
"4",-4,-69.5
"4",-5,-68.5
"4",-6,-67.5
"4",-7,-66.5
"4",-6,-65.5
"4",-5,-64.5
"4",-4,-63.5
"4",-3,-62.5
"4",-2,-61.5
"4",-1,-60.5
"4",0,-59.5
"4",-1,-58.5
"4",-2,-57.5
"4",-3,-56.5
"4",-4,-55.5
"4",-5,-54.5
"4",-6,-53.5
"4",-7,-52.5
"4",-8,-51.5
"4",-9,-50.5
"4",-10,-49.5
"4",-11,-48.5
"4",-12,-47.5
"4",-13,-46.5
"4",-14,-45.5
"4",-15,-44.5
"4",-16,-43.5
"4",-17,-42.5
"4",-18,-41.5
"4",-18,-40.5
"4",-18,-39.5
"4",-18,-38.5
"4",-18,-37.5
"4",-18,-36.5
"4",-18,-35.5
"4",-18,-34.5
"4",-18,-33.5
"4",-18,-32.5
"4",-18,-31.5
"4",-18,-30.5
"4",-18,-29.5
"4",-18,-28.5
"4",-18,-27.5
"4",-18,-26.5
"4",-18,-25.5
"4",-18,-24.5
"4",-18,-23.5
"4",-18,-22.5
"4",-18,-21.5
"4",-18,-20.5
"4",-18,-19.5
"4",-18,-18.5
"4",-18,-17.5
"4",-18,-16.5
"4",-18,-15.5
"4",-18,-14.5
"4",-18,-13.5
"4",-18,-12.5
"4",-18,-11.5
"4",-18,-10.5
"4",-18,-9.5
"4",-18,-8.5
"4",-18,-7.5
"4",-18,-6.5
"4",-18,-5.5
"4",-18,-4.5
"4",-18,-3.5
"4",-18,-2.5
"4",-18,-1.5
"4",-18,-0.5
"4",-18,0.5
"4",-18,1.5
"4",-18,2.5
"4",-18,3.5
"4",-18,4.5
"4",-18,5.5
"4",-18,6.5
"4",-18,7.5
"4",-18,8.5
"4",-18,9.5
"4",-18,10.5
"4",-18,11.5
"4",-18,12.5
"4",-18,13.5
"4",-18,14.5
"4",-18,15.5
"4",-18,16.5
"4",-18,17.5
"4",-18,18.5
"4",-18,19.5
"4",-18,20.5
"4",-18,21.5
"4",-18,22.5
"4",-18,23.5
"4",-18,24.5
"4",-17,25.5
"4",-17,26.5
"4",-17,27.5
"4",-17,28.5
"4",-16,29.5
"4",-16,30.5
"4",-16,31.5
"4",-16,32.5
"4",-16,33.5
"4",-16,34.5
"4",-16,35.5
"4",-16,36.5
"4",-16,37.5
"4",-16,38.5
"4",-16,39.5
"4",-16,40.5
"4",-16,41.5
"4",-16,42.5
"4",-16,43.5
"4",-16,44.5
"4",-16,45.5
"4",-16,46.5
"4",-16,47.5
"4",-16,48.5
"4",-16,49.5
"4",-15,50.5
"4",-14,51.5
"4",-13,52.5
"4",-12,53.5
"4",-11,54.5
"4",-10,55.5
"4",-9,56.5
"4",-8,57.5
"4",-7,58.5
"4",-6,59.5
"4",-5,59.5
"4",-4,59.5
"4",-3,59.5
"4",-2,58.5
"4",-1,57.5
"4",-1,56.5
"4",0,55.5
"4",0,54.5
"5",0,-73.5
"5",-1,-72.5
"5",-2,-71.5
"5",-3,-70.5
"5",-4,-69.5
"5",-5,-68.5
"5",-6,-67.5
"5",-7,-66.5
"5",-8,-65.5
"5",-7,-64.5
"5",-6,-63.5
"5",-7,-62.5
"5",-8,-61.5
"5",-9,-60.5
"5",-10,-59.5
"5",-11,-58.5
"5",-12,-57.5
"5",-13,-56.5
"5",-14,-55.5
"5",-15,-54.5
"5",-16,-53.5
"5",-17,-52.5
"5",-18,-51.5
"5",-18,-50.5
"5",-18,-49.5
"5",-18,-48.5
"5",-18,-47.5
"5",-18,-46.5
"5",-18,-45.5
"5",-18,-44.5
"5",-18,-43.5
"5",-18,-42.5
"5",-18,-41.5
"5",-18,-40.5
"5",-18,-39.5
"5",-18,-38.5
"5",-18,-37.5
"5",-18,-36.5
"5",-18,-35.5
"5",-18,-34.5
"5",-18,-33.5
"5",-18,-32.5
"5",-18,-31.5
"5",-18,-30.5
"5",-18,-29.5
"5",-18,-28.5
"5",-18,-27.5
"5",-18,-26.5
"5",-18,-25.5
"5",-18,-24.5
"5",-18,-23.5
"5",-18,-22.5
"5",-18,-21.5
"5",-18,-20.5
"5",-18,-19.5
"5",-18,-18.5
"5",-18,-17.5
"5",-18,-16.5
"5",-18,-15.5
"5",-18,-14.5
"5",-18,-13.5
"5",-18,-12.5
"5",-18,-11.5
"5",-18,-10.5
"5",-18,-9.5
"5",-18,-8.5
"5",-18,-7.5
"5",-18,-6.5
"5",-18,-5.5
"5",-18,-4.5
"5",-18,-3.5
"5",-18,-2.5
"5",-18,-1.5
"5",-18,-0.5
"5",-18,0.5
"5",-18,1.5
"5",-18,2.5
"5",-18,3.5
"5",-18,4.5
"5",-18,5.5
"5",-18,6.5
"5",-18,7.5
"5",-18,8.5
"5",-18,9.5
"5",-18,10.5
"5",-18,11.5
"5",-18,12.5
"5",-18,13.5
"5",-18,14.5
"5",-18,15.5
"5",-18,16.5
"5",-18,17.5
"5",-18,18.5
"5",-18,19.5
"5",-18,20.5
"5",-18,21.5
"5",-18,22.5
"5",-18,23.5
"5",-18,24.5
"5",-18,25.5
"5",-18,26.5
"5",-18,27.5
"5",-18,28.5
"5",-18,29.5
"5",-18,30.5
"5",-18,31.5
"5",-18,32.5
"5",-18,33.5
"5",-18,34.5
"5",-18,35.5
"5",-18,36.5
"5",-18,37.5
"5",-18,38.5
"5",-18,39.5
"5",-18,40.5
"5",-18,41.5
"5",-18,42.5
"5",-18,43.5
"5",-18,44.5
"5",-18,45.5
"5",-18,46.5
"5",-18,47.5
"5",-17,48.5
"5",-16,49.5
"5",-15,50.5
"5",-14,51.5
"5",-13,52.5
"5",-12,53.5
"5",-11,54.5
"5",-10,55.5
"5",-9,56.5
"5",-8,57.5
"5",-7,58.5
"5",-6,59.5
"5",-5,59.5
"5",-4,59.5
"5",-3,59.5
"5",-2,58.5
"5",-1,57.5
"5",-1,56.5
"5",0,55.5
"5",0,54.5
"6",0,-73.5
"6",-1,-72.5
"6",-2,-71.5
"6",-3,-70.5
"6",-4,-69.5
"6",-5,-68.5
"6",-6,-67.5
"6",-7,-66.5
"6",-8,-65.5
"6",-9,-64.5
"6",-10,-63.5
"6",-11,-62.5
"6",-12,-61.5
"6",-13,-60.5
"6",-14,-59.5
"6",-15,-58.5
"6",-16,-57.5
"6",-17,-56.5
"6",-18,-55.5
"6",-18,-54.5
"6",-18,-53.5
"6",-18,-52.5
"6",-18,-51.5
"6",-18,-50.5
"6",-18,-49.5
"6",-18,-48.5
"6",-18,-47.5
"6",-18,-46.5
"6",-18,-45.5
"6",-18,-44.5
"6",-18,-43.5
"6",-18,-42.5
"6",-18,-41.5
"6",-18,-40.5
"6",-18,-39.5
"6",-18,-38.5
"6",-18,-37.5
"6",-18,-36.5
"6",-18,-35.5
"6",-18,-34.5
"6",-18,-33.5
"6",-18,-32.5
"6",-18,-31.5
"6",-18,-30.5
"6",-18,-29.5
"6",-18,-28.5
"6",-18,-27.5
"6",-18,-26.5
"6",-18,-25.5
"6",-18,-24.5
"6",-18,-23.5
"6",-18,-22.5
"6",-18,-21.5
"6",-18,-20.5
"6",-18,-19.5
"6",-18,-18.5
"6",-18,-17.5
"6",-18,-16.5
"6",-18,-15.5
"6",-18,-14.5
"6",-18,-13.5
"6",-18,-12.5
"6",-18,-11.5
"6",-18,-10.5
"6",-18,-9.5
"6",-18,-8.5
"6",-18,-7.5
"6",-18,-6.5
"6",-18,-5.5
"6",-18,-4.5
"6",-18,-3.5
"6",-18,-2.5
"6",-18,-1.5
"6",-18,-0.5
"6",-18,0.5
"6",-18,1.5
"6",-18,2.5
"6",-18,3.5
"6",-18,4.5
"6",-18,5.5
"6",-18,6.5
"6",-18,7.5
"6",-18,8.5
"6",-18,9.5
"6",-18,10.5
"6",-18,11.5
"6",-18,12.5
"6",-18,13.5
"6",-18,14.5
"6",-18,15.5
"6",-18,16.5
"6",-18,17.5
"6",-18,18.5
"6",-18,19.5
"6",-18,20.5
"6",-18,21.5
"6",-18,22.5
"6",-18,23.5
"6",-18,24.5
"6",-18,25.5
"6",-18,26.5
"6",-18,27.5
"6",-18,28.5
"6",-18,29.5
"6",-18,30.5
"6",-18,31.5
"6",-18,32.5
"6",-18,33.5
"6",-18,34.5
"6",-18,35.5
"6",-18,36.5
"6",-18,37.5
"6",-18,38.5
"6",-18,39.5
"6",-18,40.5
"6",-18,41.5
"6",-18,42.5
"6",-18,43.5
"6",-18,44.5
"6",-18,45.5
"6",-18,46.5
"6",-18,47.5
"6",-17,48.5
"6",-16,49.5
"6",-15,50.5
"6",-14,51.5
"6",-13,52.5
"6",-12,53.5
"6",-11,54.5
"6",-10,55.5
"6",-9,56.5
"6",-8,57.5
"6",-7,58.5
"6",-6,59.5
"6",-5,59.5
"6",-4,59.5
"6",-3,59.5
"6",-2,58.5
"6",-1,57.5
"6",0,56.5
"6",0,55.5
"6",0,54.5
"7",0,-73.5
"7",-1,-72.5
"7",-2,-71.5
"7",-3,-70.5
"7",-4,-69.5
"7",-5,-68.5
"7",-6,-67.5
"7",-6,-66.5
"7",-6,-65.5
"7",-5,-64.5
"7",-4,-63.5
"7",-3,-62.5
"7",-2,-61.5
"7",-1,-60.5
"7",0,-59.5
"7",1,-58.5
"7",2,-57.5
"7",3,-56.5
"7",4,-55.5
"7",5,-54.5
"7",4,-53.5
"7",3,-52.5
"7",4,-51.5
"7",5,-50.5
"7",6,-49.5
"7",7,-48.5
"7",8,-47.5
"7",7,-46.5
"7",6,-45.5
"7",7,-44.5
"7",6,-43.5
"7",6,-42.5
"7",6,-41.5
"7",6,-40.5
"7",6,-39.5
"7",6,-38.5
"7",7,-37.5
"7",8,-36.5
"7",9,-35.5
"7",10,-34.5
"7",11,-33.5
"7",11,-32.5
"7",11,-31.5
"7",11,-30.5
"7",11,-29.5
"7",11,-28.5
"7",11,-27.5
"7",11,-26.5
"7",10,-25.5
"7",9,-24.5
"7",8,-23.5
"7",7,-22.5
"7",6,-21.5
"7",5,-20.5
"7",4,-19.5
"7",3,-18.5
"7",2,-17.5
"7",1,-16.5
"7",1,-15.5
"7",0,-14.5
"7",-1,-13.5
"7",-2,-12.5
"7",-3,-11.5
"7",-4,-10.5
"7",-5,-9.5
"7",-6,-8.5
"7",-7,-7.5
"7",-8,-6.5
"7",-9,-5.5
"7",-10,-4.5
"7",-11,-3.5
"7",-12,-2.5
"7",-13,-1.5
"7",-14,-0.5
"7",-15,0.5
"7",-16,1.5
"7",-17,2.5
"7",-17,3.5
"7",-17,4.5
"7",-17,5.5
"7",-17,6.5
"7",-17,7.5
"7",-17,8.5
"7",-18,9.5
"7",-18,10.5
"7",-18,11.5
"7",-18,12.5
"7",-18,13.5
"7",-18,14.5
"7",-18,15.5
"7",-18,16.5
"7",-18,17.5
"7",-18,18.5
"7",-18,19.5
"7",-18,20.5
"7",-18,21.5
"7",-18,22.5
"7",-18,23.5
"7",-18,24.5
"7",-17,25.5
"7",-17,26.5
"7",-17,27.5
"7",-17,28.5
"7",-16,29.5
"7",-16,30.5
"7",-16,31.5
"7",-16,32.5
"7",-16,33.5
"7",-16,34.5
"7",-16,35.5
"7",-16,36.5
"7",-16,37.5
"7",-16,38.5
"7",-16,39.5
"7",-16,40.5
"7",-16,41.5
"7",-16,42.5
"7",-17,43.5
"7",-18,44.5
"7",-19,45.5
"7",-19,46.5
"7",-18,47.5
"7",-17,48.5
"7",-16,49.5
"7",-15,50.5
"7",-14,51.5
"7",-13,52.5
"7",-12,53.5
"7",-11,54.5
"7",-10,55.5
"7",-9,56.5
"7",-8,57.5
"7",-7,58.5
"7",-6,59.5
"7",-5,59.5
"7",-4,59.5
"7",-3,59.5
"7",-2,58.5
"7",-1,57.5
"7",-1,56.5
"7",0,55.5
"7",0,54.5
"8",0,-73.5
"8",-1,-72.5
"8",-2,-71.5
"8",-3,-70.5
"8",-4,-69.5
"8",-5,-68.5
"8",-6,-67.5
"8",-6,-66.5
"8",-6,-65.5
"8",-5,-64.5
"8",-4,-63.5
"8",-3,-62.5
"8",-2,-61.5
"8",-1,-60.5
"8",0,-59.5
"8",1,-58.5
"8",2,-57.5
"8",3,-56.5
"8",4,-55.5
"8",5,-54.5
"8",4,-53.5
"8",3,-52.5
"8",4,-51.5
"8",5,-50.5
"8",6,-49.5
"8",7,-48.5
"8",8,-47.5
"8",7,-46.5
"8",6,-45.5
"8",7,-44.5
"8",7,-43.5
"8",7,-42.5
"8",7,-41.5
"8",7,-40.5
"8",7,-39.5
"8",7,-38.5
"8",7,-37.5
"8",8,-36.5
"8",9,-35.5
"8",10,-34.5
"8",11,-33.5
"8",11,-32.5
"8",11,-31.5
"8",11,-30.5
"8",11,-29.5
"8",11,-28.5
"8",11,-27.5
"8",11,-26.5
"8",10,-25.5
"8",9,-24.5
"8",8,-23.5
"8",7,-22.5
"8",6,-21.5
"8",5,-20.5
"8",4,-19.5
"8",3,-18.5
"8",2,-17.5
"8",1,-16.5
"8",0,-15.5
"8",-1,-14.5
"8",-2,-13.5
"8",-3,-12.5
"8",-4,-11.5
"8",-5,-10.5
"8",-6,-9.5
"8",-7,-8.5
"8",-8,-7.5
"8",-9,-6.5
"8",-10,-5.5
"8",-11,-4.5
"8",-12,-3.5
"8",-13,-2.5
"8",-14,-1.5
"8",-15,-0.5
"8",-16,0.5
"8",-17,1.5
"8",-18,2.5
"8",-18,3.5
"8",-18,4.5
"8",-18,5.5
"8",-18,6.5
"8",-18,7.5
"8",-18,8.5
"8",-18,9.5
"8",-18,10.5
"8",-18,11.5
"8",-18,12.5
"8",-18,13.5
"8",-18,14.5
"8",-18,15.5
"8",-18,16.5
"8",-18,17.5
"8",-18,18.5
"8",-18,19.5
"8",-18,20.5
"8",-18,21.5
"8",-18,22.5
"8",-18,23.5
"8",-18,24.5
"8",-17,25.5
"8",-17,26.5
"8",-17,27.5
"8",-17,28.5
"8",-16,29.5
"8",-16,30.5
"8",-16,31.5
"8",-16,32.5
"8",-16,33.5
"8",-16,34.5
"8",-16,35.5
"8",-16,36.5
"8",-16,37.5
"8",-16,38.5
"8",-16,39.5
"8",-16,40.5
"8",-16,41.5
"8",-16,42.5
"8",-17,43.5
"8",-18,44.5
"8",-19,45.5
"8",-19,46.5
"8",-18,47.5
"8",-17,48.5
"8",-16,49.5
"8",-15,50.5
"8",-14,51.5
"8",-13,52.5
"8",-12,53.5
"8",-11,54.5
"8",-10,55.5
"8",-9,56.5
"8",-8,57.5
"8",-7,58.5
"8",-6,59.5
"8",-5,59.5
"8",-4,59.5
"8",-3,59.5
"8",-2,58.5
"8",-1,57.5
"8",-1,56.5
"8",0,55.5
"8",0,54.5
"9",0,-73.5
"9",-1,-72.5
"9",-2,-71.5
"9",-3,-70.5
"9",-4,-69.5
"9",-5,-68.5
"9",-6,-67.5
"9",-7,-66.5
"9",-7,-65.5
"9",-6,-64.5
"9",-5,-63.5
"9",-4,-62.5
"9",-3,-61.5
"9",-2,-60.5
"9",-1,-59.5
"9",0,-58.5
"9",1,-57.5
"9",2,-56.5
"9",3,-55.5
"9",4,-54.5
"9",3,-53.5
"9",2,-52.5
"9",3,-51.5
"9",4,-50.5
"9",5,-49.5
"9",6,-48.5
"9",7,-47.5
"9",8,-46.5
"9",8,-45.5
"9",8,-44.5
"9",8,-43.5
"9",8,-42.5
"9",8,-41.5
"9",8,-40.5
"9",8,-39.5
"9",8,-38.5
"9",8,-37.5
"9",8,-36.5
"9",8,-35.5
"9",9,-34.5
"9",10,-33.5
"9",10,-32.5
"9",10,-31.5
"9",10,-30.5
"9",10,-29.5
"9",10,-28.5
"9",10,-27.5
"9",10,-26.5
"9",10,-25.5
"9",9,-24.5
"9",8,-23.5
"9",7,-22.5
"9",6,-21.5
"9",5,-20.5
"9",4,-19.5
"9",3,-18.5
"9",2,-17.5
"9",1,-16.5
"9",0,-15.5
"9",-1,-14.5
"9",-2,-13.5
"9",-3,-12.5
"9",-4,-11.5
"9",-5,-10.5
"9",-6,-9.5
"9",-7,-8.5
"9",-8,-7.5
"9",-9,-6.5
"9",-10,-5.5
"9",-11,-4.5
"9",-12,-3.5
"9",-13,-2.5
"9",-14,-1.5
"9",-15,-0.5
"9",-16,0.5
"9",-17,1.5
"9",-18,2.5
"9",-18,3.5
"9",-18,4.5
"9",-18,5.5
"9",-18,6.5
"9",-18,7.5
"9",-18,8.5
"9",-18,9.5
"9",-18,10.5
"9",-18,11.5
"9",-18,12.5
"9",-18,13.5
"9",-18,14.5
"9",-18,15.5
"9",-18,16.5
"9",-18,17.5
"9",-18,18.5
"9",-18,19.5
"9",-18,20.5
"9",-18,21.5
"9",-18,22.5
"9",-18,23.5
"9",-18,24.5
"9",-17,25.5
"9",-17,26.5
"9",-17,27.5
"9",-17,28.5
"9",-17,29.5
"9",-17,30.5
"9",-17,31.5
"9",-17,32.5
"9",-17,33.5
"9",-17,34.5
"9",-17,35.5
"9",-17,36.5
"9",-17,37.5
"9",-17,38.5
"9",-17,39.5
"9",-17,40.5
"9",-17,41.5
"9",-17,42.5
"9",-18,43.5
"9",-18,44.5
"9",-18,45.5
"9",-18,46.5
"9",-18,47.5
"9",-17,48.5
"9",-16,49.5
"9",-15,50.5
"9",-14,51.5
"9",-13,52.5
"9",-12,53.5
"9",-11,54.5
"9",-10,55.5
"9",-9,56.5
"9",-8,57.5
"9",-7,58.5
"9",-6,59.5
"9",-5,59.5
"9",-4,59.5
"9",-3,59.5
"9",-2,58.5
"9",-1,57.5
"9",-1,56.5
"9",0,55.5
"9",0,54.5
"10",0,-73.5
"10",-1,-72.5
"10",-2,-71.5
"10",-3,-70.5
"10",-4,-69.5
"10",-5,-68.5
"10",-6,-67.5
"10",-7,-66.5
"10",-7,-65.5
"10",-6,-64.5
"10",-5,-63.5
"10",-4,-62.5
"10",-3,-61.5
"10",-2,-60.5
"10",-1,-59.5
"10",0,-58.5
"10",1,-57.5
"10",2,-56.5
"10",3,-55.5
"10",4,-54.5
"10",5,-53.5
"10",6,-52.5
"10",7,-51.5
"10",8,-50.5
"10",8,-49.5
"10",8,-48.5
"10",8,-47.5
"10",8,-46.5
"10",8,-45.5
"10",8,-44.5
"10",8,-43.5
"10",8,-42.5
"10",8,-41.5
"10",8,-40.5
"10",8,-39.5
"10",8,-38.5
"10",8,-37.5
"10",8,-36.5
"10",8,-35.5
"10",8,-34.5
"10",8,-33.5
"10",8,-32.5
"10",8,-31.5
"10",8,-30.5
"10",8,-29.5
"10",8,-28.5
"10",8,-27.5
"10",8,-26.5
"10",8,-25.5
"10",8,-24.5
"10",7,-23.5
"10",6,-22.5
"10",5,-21.5
"10",4,-20.5
"10",3,-19.5
"10",2,-18.5
"10",2,-17.5
"10",1,-16.5
"10",0,-15.5
"10",-1,-14.5
"10",-2,-13.5
"10",-3,-12.5
"10",-4,-11.5
"10",-5,-10.5
"10",-6,-9.5
"10",-7,-8.5
"10",-8,-7.5
"10",-9,-6.5
"10",-10,-5.5
"10",-11,-4.5
"10",-12,-3.5
"10",-13,-2.5
"10",-14,-1.5
"10",-15,-0.5
"10",-16,0.5
"10",-17,1.5
"10",-18,2.5
"10",-18,3.5
"10",-18,4.5
"10",-18,5.5
"10",-18,6.5
"10",-18,7.5
"10",-18,8.5
"10",-18,9.5
"10",-18,10.5
"10",-18,11.5
"10",-18,12.5
"10",-18,13.5
"10",-18,14.5
"10",-18,15.5
"10",-18,16.5
"10",-18,17.5
"10",-18,18.5
"10",-18,19.5
"10",-18,20.5
"10",-18,21.5
"10",-18,22.5
"10",-18,23.5
"10",-18,24.5
"10",-18,25.5
"10",-18,26.5
"10",-18,27.5
"10",-18,28.5
"10",-18,29.5
"10",-18,30.5
"10",-18,31.5
"10",-18,32.5
"10",-18,33.5
"10",-18,34.5
"10",-18,35.5
"10",-18,36.5
"10",-18,37.5
"10",-18,38.5
"10",-18,39.5
"10",-18,40.5
"10",-18,41.5
"10",-18,42.5
"10",-18,43.5
"10",-18,44.5
"10",-18,45.5
"10",-18,46.5
"10",-18,47.5
"10",-17,48.5
"10",-16,49.5
"10",-15,50.5
"10",-14,51.5
"10",-13,52.5
"10",-12,53.5
"10",-11,54.5
"10",-10,55.5
"10",-9,56.5
"10",-8,57.5
"10",-7,58.5
"10",-6,59.5
"10",-5,59.5
"10",-4,59.5
"10",-3,59.5
"10",-2,58.5
"10",-1,57.5
"10",-1,56.5
"10",0,55.5
"10",0,54.5
"11",0,-73.5
"11",-1,-72.5
"11",-2,-71.5
"11",-3,-70.5
"11",-4,-69.5
"11",-5,-68.5
"11",-6,-67.5
"11",-7,-66.5
"11",-8,-65.5
"11",-9,-64.5
"11",-10,-63.5
"11",-11,-62.5
"11",-12,-61.5
"11",-13,-60.5
"11",-14,-59.5
"11",-15,-58.5
"11",-16,-57.5
"11",-17,-56.5
"11",-18,-55.5
"11",-18,-54.5
"11",-18,-53.5
"11",-18,-52.5
"11",-18,-51.5
"11",-18,-50.5
"11",-18,-49.5
"11",-18,-48.5
"11",-18,-47.5
"11",-18,-46.5
"11",-18,-45.5
"11",-18,-44.5
"11",-18,-43.5
"11",-18,-42.5
"11",-18,-41.5
"11",-18,-40.5
"11",-18,-39.5
"11",-18,-38.5
"11",-18,-37.5
"11",-18,-36.5
"11",-18,-35.5
"11",-18,-34.5
"11",-18,-33.5
"11",-18,-32.5
"11",-18,-31.5
"11",-18,-30.5
"11",-18,-29.5
"11",-18,-28.5
"11",-18,-27.5
"11",-18,-26.5
"11",-18,-25.5
"11",-18,-24.5
"11",-18,-23.5
"11",-18,-22.5
"11",-18,-21.5
"11",-18,-20.5
"11",-18,-19.5
"11",-18,-18.5
"11",-18,-17.5
"11",-18,-16.5
"11",-18,-15.5
"11",-18,-14.5
"11",-18,-13.5
"11",-18,-12.5
"11",-18,-11.5
"11",-18,-10.5
"11",-18,-9.5
"11",-18,-8.5
"11",-18,-7.5
"11",-18,-6.5
"11",-18,-5.5
"11",-18,-4.5
"11",-18,-3.5
"11",-18,-2.5
"11",-18,-1.5
"11",-18,-0.5
"11",-18,0.5
"11",-18,1.5
"11",-18,2.5
"11",-18,3.5
"11",-18,4.5
"11",-18,5.5
"11",-18,6.5
"11",-18,7.5
"11",-18,8.5
"11",-18,9.5
"11",-18,10.5
"11",-18,11.5
"11",-18,12.5
"11",-18,13.5
"11",-18,14.5
"11",-18,15.5
"11",-18,16.5
"11",-18,17.5
"11",-18,18.5
"11",-18,19.5
"11",-18,20.5
"11",-18,21.5
"11",-18,22.5
"11",-18,23.5
"11",-18,24.5
"11",-18,25.5
"11",-18,26.5
"11",-18,27.5
"11",-18,28.5
"11",-18,29.5
"11",-18,30.5
"11",-18,31.5
"11",-18,32.5
"11",-18,33.5
"11",-18,34.5
"11",-18,35.5
"11",-18,36.5
"11",-18,37.5
"11",-18,38.5
"11",-18,39.5
"11",-18,40.5
"11",-18,41.5
"11",-18,42.5
"11",-18,43.5
"11",-18,44.5
"11",-18,45.5
"11",-18,46.5
"11",-18,47.5
"11",-17,48.5
"11",-16,49.5
"11",-15,50.5
"11",-14,51.5
"11",-13,52.5
"11",-12,53.5
"11",-11,54.5
"11",-10,55.5
"11",-9,56.5
"11",-8,57.5
"11",-7,58.5
"11",-6,59.5
"11",-5,59.5
"11",-4,59.5
"11",-3,59.5
"11",-2,58.5
"11",-1,57.5
"11",0,56.5
"11",0,55.5
"11",0,54.5
"12",0,-73.5
"12",-1,-72.5
"12",-2,-71.5
"12",-3,-70.5
"12",-4,-69.5
"12",-5,-68.5
"12",-6,-67.5
"12",-7,-66.5
"12",-8,-65.5
"12",-9,-64.5
"12",-10,-63.5
"12",-11,-62.5
"12",-12,-61.5
"12",-13,-60.5
"12",-14,-59.5
"12",-15,-58.5
"12",-16,-57.5
"12",-17,-56.5
"12",-18,-55.5
"12",-18,-54.5
"12",-18,-53.5
"12",-18,-52.5
"12",-18,-51.5
"12",-18,-50.5
"12",-18,-49.5
"12",-18,-48.5
"12",-18,-47.5
"12",-18,-46.5
"12",-18,-45.5
"12",-18,-44.5
"12",-18,-43.5
"12",-18,-42.5
"12",-18,-41.5
"12",-18,-40.5
"12",-18,-39.5
"12",-18,-38.5
"12",-18,-37.5
"12",-18,-36.5
"12",-18,-35.5
"12",-18,-34.5
"12",-18,-33.5
"12",-18,-32.5
"12",-18,-31.5
"12",-18,-30.5
"12",-18,-29.5
"12",-18,-28.5
"12",-18,-27.5
"12",-18,-26.5
"12",-18,-25.5
"12",-18,-24.5
"12",-18,-23.5
"12",-18,-22.5
"12",-18,-21.5
"12",-18,-20.5
"12",-18,-19.5
"12",-18,-18.5
"12",-18,-17.5
"12",-18,-16.5
"12",-18,-15.5
"12",-18,-14.5
"12",-18,-13.5
"12",-18,-12.5
"12",-18,-11.5
"12",-18,-10.5
"12",-18,-9.5
"12",-18,-8.5
"12",-18,-7.5
"12",-18,-6.5
"12",-18,-5.5
"12",-18,-4.5
"12",-18,-3.5
"12",-18,-2.5
"12",-18,-1.5
"12",-18,-0.5
"12",-18,0.5
"12",-18,1.5
"12",-18,2.5
"12",-18,3.5
"12",-18,4.5
"12",-18,5.5
"12",-18,6.5
"12",-18,7.5
"12",-18,8.5
"12",-18,9.5
"12",-18,10.5
"12",-18,11.5
"12",-18,12.5
"12",-18,13.5
"12",-18,14.5
"12",-18,15.5
"12",-18,16.5
"12",-18,17.5
"12",-18,18.5
"12",-18,19.5
"12",-18,20.5
"12",-18,21.5
"12",-18,22.5
"12",-18,23.5
"12",-18,24.5
"12",-18,25.5
"12",-18,26.5
"12",-18,27.5
"12",-18,28.5
"12",-18,29.5
"12",-18,30.5
"12",-18,31.5
"12",-18,32.5
"12",-18,33.5
"12",-18,34.5
"12",-18,35.5
"12",-18,36.5
"12",-18,37.5
"12",-18,38.5
"12",-18,39.5
"12",-18,40.5
"12",-18,41.5
"12",-18,42.5
"12",-18,43.5
"12",-18,44.5
"12",-18,45.5
"12",-18,46.5
"12",-18,47.5
"12",-17,48.5
"12",-16,49.5
"12",-15,50.5
"12",-14,51.5
"12",-13,52.5
"12",-12,53.5
"12",-11,54.5
"12",-10,55.5
"12",-9,56.5
"12",-8,57.5
"12",-7,58.5
"12",-6,59.5
"12",-5,59.5
"12",-4,59.5
"12",-3,59.5
"12",-2,58.5
"12",-1,57.5
"12",0,56.5
"12",0,55.5
"12",0,54.5
"13",0,-73.5
"13",-1,-72.5
"13",-2,-71.5
"13",-3,-71.5
"13",-4,-70.5
"13",-5,-69.5
"13",-6,-68.5
"13",-7,-67.5
"13",-7,-66.5
"13",-7,-65.5
"13",-6,-64.5
"13",-5,-63.5
"13",-4,-62.5
"13",-3,-61.5
"13",-2,-60.5
"13",-1,-59.5
"13",0,-58.5
"13",1,-57.5
"13",2,-56.5
"13",3,-55.5
"13",4,-54.5
"13",3,-53.5
"13",2,-52.5
"13",3,-51.5
"13",4,-50.5
"13",5,-49.5
"13",6,-48.5
"13",7,-47.5
"13",6,-46.5
"13",7,-45.5
"13",6,-44.5
"13",7,-43.5
"13",8,-42.5
"13",9,-41.5
"13",9,-40.5
"13",9,-39.5
"13",10,-38.5
"13",11,-37.5
"13",12,-36.5
"13",13,-35.5
"13",14,-34.5
"13",14,-33.5
"13",14,-32.5
"13",14,-31.5
"13",14,-30.5
"13",14,-29.5
"13",13,-28.5
"13",12,-27.5
"13",11,-26.5
"13",10,-25.5
"13",9,-24.5
"13",8,-23.5
"13",7,-22.5
"13",6,-21.5
"13",5,-20.5
"13",4,-19.5
"13",3,-18.5
"13",2,-17.5
"13",1,-16.5
"13",0,-15.5
"13",-1,-14.5
"13",-2,-13.5
"13",-3,-12.5
"13",-4,-11.5
"13",-5,-10.5
"13",-6,-9.5
"13",-7,-8.5
"13",-8,-7.5
"13",-9,-6.5
"13",-10,-5.5
"13",-11,-4.5
"13",-12,-3.5
"13",-13,-2.5
"13",-14,-1.5
"13",-15,-0.5
"13",-16,0.5
"13",-17,1.5
"13",-18,2.5
"13",-18,3.5
"13",-18,4.5
"13",-18,5.5
"13",-18,6.5
"13",-18,7.5
"13",-18,8.5
"13",-18,9.5
"13",-18,10.5
"13",-18,11.5
"13",-18,12.5
"13",-18,13.5
"13",-18,14.5
"13",-18,15.5
"13",-18,16.5
"13",-18,17.5
"13",-18,18.5
"13",-18,19.5
"13",-18,20.5
"13",-18,21.5
"13",-18,22.5
"13",-18,23.5
"13",-18,24.5
"13",-17,25.5
"13",-17,26.5
"13",-17,27.5
"13",-17,28.5
"13",-16,29.5
"13",-16,30.5
"13",-16,31.5
"13",-16,32.5
"13",-16,33.5
"13",-16,34.5
"13",-16,35.5
"13",-16,36.5
"13",-16,37.5
"13",-16,38.5
"13",-16,39.5
"13",-16,40.5
"13",-16,41.5
"13",-17,42.5
"13",-18,43.5
"13",-19,44.5
"13",-20,45.5
"13",-19,46.5
"13",-18,47.5
"13",-17,48.5
"13",-16,49.5
"13",-15,50.5
"13",-14,51.5
"13",-13,52.5
"13",-12,53.5
"13",-11,54.5
"13",-10,55.5
"13",-9,56.5
"13",-8,57.5
"13",-7,58.5
"13",-6,59.5
"13",-5,59.5
"13",-4,59.5
"13",-3,59.5
"13",-2,58.5
"13",-1,57.5
"13",-1,56.5
"13",0,55.5
"13",0,54.5
"14",0,-73.5
"14",-1,-72.5
"14",-2,-71.5
"14",-3,-71.5
"14",-4,-70.5
"14",-5,-69.5
"14",-6,-68.5
"14",-7,-67.5
"14",-8,-66.5
"14",-8,-65.5
"14",-7,-64.5
"14",-6,-63.5
"14",-5,-62.5
"14",-4,-61.5
"14",-3,-60.5
"14",-2,-59.5
"14",-1,-58.5
"14",0,-57.5
"14",1,-56.5
"14",2,-55.5
"14",3,-54.5
"14",2,-53.5
"14",1,-52.5
"14",2,-51.5
"14",3,-50.5
"14",4,-49.5
"14",5,-48.5
"14",6,-47.5
"14",7,-46.5
"14",8,-45.5
"14",9,-44.5
"14",10,-43.5
"14",10,-42.5
"14",10,-41.5
"14",10,-40.5
"14",10,-39.5
"14",10,-38.5
"14",11,-37.5
"14",11,-36.5
"14",12,-35.5
"14",13,-34.5
"14",13,-33.5
"14",13,-32.5
"14",13,-31.5
"14",13,-30.5
"14",13,-29.5
"14",13,-28.5
"14",12,-27.5
"14",11,-26.5
"14",10,-25.5
"14",9,-24.5
"14",8,-23.5
"14",7,-22.5
"14",6,-21.5
"14",5,-20.5
"14",4,-19.5
"14",3,-18.5
"14",2,-17.5
"14",1,-16.5
"14",0,-15.5
"14",-1,-14.5
"14",-2,-13.5
"14",-3,-12.5
"14",-4,-11.5
"14",-5,-10.5
"14",-6,-9.5
"14",-7,-8.5
"14",-8,-7.5
"14",-9,-6.5
"14",-10,-5.5
"14",-11,-4.5
"14",-12,-3.5
"14",-13,-2.5
"14",-14,-1.5
"14",-15,-0.5
"14",-16,0.5
"14",-17,1.5
"14",-18,2.5
"14",-18,3.5
"14",-18,4.5
"14",-18,5.5
"14",-18,6.5
"14",-18,7.5
"14",-18,8.5
"14",-18,9.5
"14",-18,10.5
"14",-18,11.5
"14",-18,12.5
"14",-18,13.5
"14",-18,14.5
"14",-18,15.5
"14",-18,16.5
"14",-18,17.5
"14",-18,18.5
"14",-18,19.5
"14",-18,20.5
"14",-18,21.5
"14",-18,22.5
"14",-18,23.5
"14",-18,24.5
"14",-17,25.5
"14",-17,26.5
"14",-17,27.5
"14",-17,28.5
"14",-17,29.5
"14",-17,30.5
"14",-17,31.5
"14",-17,32.5
"14",-17,33.5
"14",-17,34.5
"14",-17,35.5
"14",-17,36.5
"14",-17,37.5
"14",-17,38.5
"14",-17,39.5
"14",-17,40.5
"14",-18,41.5
"14",-19,42.5
"14",-20,43.5
"14",-20,44.5
"14",-20,45.5
"14",-19,46.5
"14",-18,47.5
"14",-17,48.5
"14",-16,49.5
"14",-15,50.5
"14",-14,51.5
"14",-13,52.5
"14",-12,53.5
"14",-11,54.5
"14",-10,55.5
"14",-9,56.5
"14",-8,57.5
"14",-7,58.5
"14",-6,59.5
"14",-5,59.5
"14",-4,59.5
"14",-3,59.5
"14",-2,58.5
"14",-1,57.5
"14",-1,56.5
"14",0,55.5
"14",0,54.5
"15",0,-73.5
"15",-1,-72.5
"15",-2,-71.5
"15",-3,-71.5
"15",-4,-70.5
"15",-5,-69.5
"15",-6,-68.5
"15",-7,-67.5
"15",-8,-66.5
"15",-8,-65.5
"15",-7,-64.5
"15",-8,-63.5
"15",-7,-62.5
"15",-6,-61.5
"15",-5,-60.5
"15",-4,-59.5
"15",-3,-58.5
"15",-2,-57.5
"15",-1,-56.5
"15",0,-55.5
"15",1,-54.5
"15",2,-53.5
"15",3,-52.5
"15",4,-51.5
"15",5,-50.5
"15",6,-49.5
"15",7,-48.5
"15",8,-47.5
"15",9,-46.5
"15",10,-45.5
"15",11,-44.5
"15",11,-43.5
"15",11,-42.5
"15",11,-41.5
"15",11,-40.5
"15",11,-39.5
"15",11,-38.5
"15",12,-37.5
"15",12,-36.5
"15",12,-35.5
"15",12,-34.5
"15",12,-33.5
"15",12,-32.5
"15",12,-31.5
"15",12,-30.5
"15",12,-29.5
"15",12,-28.5
"15",12,-27.5
"15",11,-26.5
"15",10,-25.5
"15",9,-24.5
"15",8,-23.5
"15",7,-22.5
"15",6,-21.5
"15",5,-20.5
"15",4,-19.5
"15",3,-18.5
"15",2,-17.5
"15",1,-16.5
"15",0,-15.5
"15",-1,-14.5
"15",-2,-13.5
"15",-3,-12.5
"15",-4,-11.5
"15",-5,-10.5
"15",-6,-9.5
"15",-7,-8.5
"15",-8,-7.5
"15",-9,-6.5
"15",-10,-5.5
"15",-11,-4.5
"15",-12,-3.5
"15",-13,-2.5
"15",-14,-1.5
"15",-15,-0.5
"15",-16,0.5
"15",-17,1.5
"15",-18,2.5
"15",-18,3.5
"15",-18,4.5
"15",-18,5.5
"15",-18,6.5
"15",-18,7.5
"15",-18,8.5
"15",-18,9.5
"15",-18,10.5
"15",-18,11.5
"15",-18,12.5
"15",-18,13.5
"15",-18,14.5
"15",-18,15.5
"15",-18,16.5
"15",-18,17.5
"15",-18,18.5
"15",-18,19.5
"15",-18,20.5
"15",-18,21.5
"15",-18,22.5
"15",-18,23.5
"15",-18,24.5
"15",-18,25.5
"15",-18,26.5
"15",-18,27.5
"15",-18,28.5
"15",-18,29.5
"15",-18,30.5
"15",-18,31.5
"15",-18,32.5
"15",-18,33.5
"15",-18,34.5
"15",-18,35.5
"15",-18,36.5
"15",-18,37.5
"15",-18,38.5
"15",-18,39.5
"15",-18,40.5
"15",-18,41.5
"15",-19,42.5
"15",-19,43.5
"15",-19,44.5
"15",-19,45.5
"15",-19,46.5
"15",-18,47.5
"15",-17,48.5
"15",-16,49.5
"15",-15,50.5
"15",-14,51.5
"15",-13,52.5
"15",-12,53.5
"15",-11,54.5
"15",-10,55.5
"15",-9,56.5
"15",-8,57.5
"15",-7,58.5
"15",-6,59.5
"15",-5,59.5
"15",-4,59.5
"15",-3,59.5
"15",-2,58.5
"15",-1,57.5
"15",-1,56.5
"15",0,55.5
"15",0,54.5
"16",0,-73.5
"16",-1,-72.5
"16",-2,-71.5
"16",-3,-70.5
"16",-4,-69.5
"16",-5,-68.5
"16",-6,-67.5
"16",-7,-66.5
"16",-8,-65.5
"16",-9,-64.5
"16",-8,-63.5
"16",-7,-62.5
"16",-6,-61.5
"16",-5,-60.5
"16",-4,-59.5
"16",-3,-58.5
"16",-2,-57.5
"16",-1,-56.5
"16",0,-55.5
"16",1,-54.5
"16",2,-53.5
"16",3,-52.5
"16",4,-51.5
"16",5,-50.5
"16",6,-49.5
"16",7,-48.5
"16",8,-47.5
"16",9,-46.5
"16",10,-45.5
"16",11,-44.5
"16",11,-43.5
"16",11,-42.5
"16",11,-41.5
"16",11,-40.5
"16",11,-39.5
"16",11,-38.5
"16",11,-37.5
"16",11,-36.5
"16",11,-35.5
"16",11,-34.5
"16",11,-33.5
"16",11,-32.5
"16",11,-31.5
"16",11,-30.5
"16",11,-29.5
"16",11,-28.5
"16",11,-27.5
"16",11,-26.5
"16",10,-25.5
"16",9,-24.5
"16",8,-23.5
"16",7,-22.5
"16",6,-21.5
"16",5,-20.5
"16",4,-19.5
"16",3,-18.5
"16",2,-17.5
"16",1,-16.5
"16",0,-15.5
"16",-1,-14.5
"16",-2,-13.5
"16",-3,-12.5
"16",-4,-11.5
"16",-5,-10.5
"16",-6,-9.5
"16",-7,-8.5
"16",-8,-7.5
"16",-9,-6.5
"16",-10,-5.5
"16",-11,-4.5
"16",-12,-3.5
"16",-13,-2.5
"16",-14,-1.5
"16",-15,-0.5
"16",-16,0.5
"16",-17,1.5
"16",-17,2.5
"16",-17,3.5
"16",-17,4.5
"16",-17,5.5
"16",-17,6.5
"16",-17,7.5
"16",-17,8.5
"16",-17,9.5
"16",-17,10.5
"16",-17,11.5
"16",-17,12.5
"16",-18,13.5
"16",-18,14.5
"16",-18,15.5
"16",-18,16.5
"16",-18,17.5
"16",-18,18.5
"16",-18,19.5
"16",-18,20.5
"16",-18,21.5
"16",-18,22.5
"16",-18,23.5
"16",-18,24.5
"16",-18,25.5
"16",-18,26.5
"16",-18,27.5
"16",-18,28.5
"16",-18,29.5
"16",-18,30.5
"16",-18,31.5
"16",-18,32.5
"16",-18,33.5
"16",-18,34.5
"16",-18,35.5
"16",-18,36.5
"16",-18,37.5
"16",-18,38.5
"16",-18,39.5
"16",-18,40.5
"16",-18,41.5
"16",-18,42.5
"16",-18,43.5
"16",-18,44.5
"16",-18,45.5
"16",-18,46.5
"16",-18,47.5
"16",-17,48.5
"16",-16,49.5
"16",-15,50.5
"16",-14,51.5
"16",-13,52.5
"16",-12,53.5
"16",-11,54.5
"16",-10,55.5
"16",-9,56.5
"16",-8,57.5
"16",-7,58.5
"16",-6,59.5
"16",-5,59.5
"16",-4,59.5
"16",-3,59.5
"16",-2,58.5
"16",-1,57.5
"16",-1,56.5
"16",0,55.5
"16",0,54.5
"17",0,-73.5
"17",-1,-72.5
"17",-2,-71.5
"17",-3,-70.5
"17",-4,-69.5
"17",-5,-68.5
"17",-6,-67.5
"17",-7,-66.5
"17",-8,-65.5
"17",-9,-64.5
"17",-10,-63.5
"17",-11,-62.5
"17",-10,-61.5
"17",-9,-60.5
"17",-8,-59.5
"17",-7,-58.5
"17",-6,-57.5
"17",-5,-56.5
"17",-4,-55.5
"17",-3,-54.5
"17",-2,-53.5
"17",-1,-52.5
"17",0,-51.5
"17",1,-50.5
"17",2,-49.5
"17",3,-48.5
"17",4,-47.5
"17",5,-46.5
"17",6,-45.5
"17",7,-44.5
"17",8,-43.5
"17",9,-42.5
"17",9,-41.5
"17",9,-40.5
"17",9,-39.5
"17",9,-38.5
"17",9,-37.5
"17",9,-36.5
"17",9,-35.5
"17",9,-34.5
"17",9,-33.5
"17",9,-32.5
"17",9,-31.5
"17",9,-30.5
"17",9,-29.5
"17",9,-28.5
"17",9,-27.5
"17",9,-26.5
"17",9,-25.5
"17",8,-24.5
"17",7,-23.5
"17",6,-22.5
"17",5,-21.5
"17",4,-20.5
"17",3,-19.5
"17",2,-18.5
"17",1,-17.5
"17",0,-16.5
"17",-1,-15.5
"17",-2,-14.5
"17",-3,-13.5
"17",-4,-12.5
"17",-5,-11.5
"17",-6,-10.5
"17",-7,-9.5
"17",-8,-8.5
"17",-9,-7.5
"17",-10,-6.5
"17",-11,-5.5
"17",-12,-4.5
"17",-13,-3.5
"17",-14,-2.5
"17",-15,-1.5
"17",-16,-0.5
"17",-16,0.5
"17",-16,1.5
"17",-16,2.5
"17",-16,3.5
"17",-16,4.5
"17",-16,5.5
"17",-16,6.5
"17",-16,7.5
"17",-16,8.5
"17",-16,9.5
"17",-16,10.5
"17",-17,11.5
"17",-17,12.5
"17",-18,13.5
"17",-18,14.5
"17",-18,15.5
"17",-18,16.5
"17",-18,17.5
"17",-18,18.5
"17",-18,19.5
"17",-18,20.5
"17",-18,21.5
"17",-18,22.5
"17",-18,23.5
"17",-18,24.5
"17",-18,25.5
"17",-18,26.5
"17",-18,27.5
"17",-18,28.5
"17",-18,29.5
"17",-18,30.5
"17",-18,31.5
"17",-18,32.5
"17",-18,33.5
"17",-18,34.5
"17",-18,35.5
"17",-18,36.5
"17",-18,37.5
"17",-18,38.5
"17",-18,39.5
"17",-18,40.5
"17",-18,41.5
"17",-18,42.5
"17",-18,43.5
"17",-18,44.5
"17",-18,45.5
"17",-18,46.5
"17",-18,47.5
"17",-17,48.5
"17",-16,49.5
"17",-15,50.5
"17",-14,51.5
"17",-13,52.5
"17",-12,53.5
"17",-11,54.5
"17",-10,55.5
"17",-9,56.5
"17",-8,57.5
"17",-7,58.5
"17",-6,59.5
"17",-5,59.5
"17",-4,59.5
"17",-3,59.5
"17",-2,58.5
"17",-1,57.5
"17",0,56.5
"17",0,55.5
"17",0,54.5
"18",0,-73.5
"18",-1,-72.5
"18",-2,-71.5
"18",-3,-71.5
"18",-4,-70.5
"18",-5,-70.5
"18",-6,-70.5
"18",-7,-70.5
"18",-8,-70.5
"18",-9,-70.5
"18",-10,-70.5
"18",-11,-70.5
"18",-12,-70.5
"18",-13,-70.5
"18",-14,-70.5
"18",-15,-70.5
"18",-16,-70.5
"18",-17,-70.5
"18",-18,-70.5
"18",-19,-69.5
"18",-19,-68.5
"18",-19,-67.5
"18",-18,-66.5
"18",-17,-65.5
"18",-16,-64.5
"18",-15,-63.5
"18",-14,-62.5
"18",-13,-61.5
"18",-12,-60.5
"18",-11,-59.5
"18",-10,-58.5
"18",-9,-57.5
"18",-8,-56.5
"18",-7,-55.5
"18",-6,-54.5
"18",-5,-53.5
"18",-4,-52.5
"18",-3,-51.5
"18",-2,-50.5
"18",-1,-49.5
"18",0,-48.5
"18",1,-47.5
"18",2,-46.5
"18",3,-45.5
"18",4,-44.5
"18",5,-43.5
"18",6,-42.5
"18",7,-41.5
"18",8,-40.5
"18",9,-39.5
"18",10,-38.5
"18",11,-37.5
"18",12,-36.5
"18",13,-35.5
"18",14,-34.5
"18",14,-33.5
"18",14,-32.5
"18",14,-31.5
"18",14,-30.5
"18",14,-29.5
"18",14,-28.5
"18",13,-27.5
"18",12,-26.5
"18",11,-25.5
"18",10,-24.5
"18",9,-23.5
"18",8,-22.5
"18",7,-21.5
"18",6,-20.5
"18",5,-19.5
"18",4,-18.5
"18",3,-17.5
"18",2,-16.5
"18",1,-15.5
"18",0,-14.5
"18",-1,-13.5
"18",-2,-12.5
"18",-3,-11.5
"18",-4,-10.5
"18",-5,-9.5
"18",-6,-8.5
"18",-7,-7.5
"18",-8,-6.5
"18",-9,-5.5
"18",-10,-4.5
"18",-11,-3.5
"18",-12,-2.5
"18",-13,-1.5
"18",-14,-0.5
"18",-15,0.5
"18",-16,1.5
"18",-17,2.5
"18",-17,3.5
"18",-17,4.5
"18",-17,5.5
"18",-17,6.5
"18",-17,7.5
"18",-17,8.5
"18",-17,9.5
"18",-18,10.5
"18",-18,11.5
"18",-18,12.5
"18",-18,13.5
"18",-18,14.5
"18",-18,15.5
"18",-18,16.5
"18",-18,17.5
"18",-18,18.5
"18",-18,19.5
"18",-18,20.5
"18",-18,21.5
"18",-18,22.5
"18",-18,23.5
"18",-18,24.5
"18",-18,25.5
"18",-17,26.5
"18",-17,27.5
"18",-17,28.5
"18",-17,29.5
"18",-17,30.5
"18",-17,31.5
"18",-17,32.5
"18",-17,33.5
"18",-17,34.5
"18",-17,35.5
"18",-17,36.5
"18",-17,37.5
"18",-17,38.5
"18",-17,39.5
"18",-17,40.5
"18",-18,41.5
"18",-19,42.5
"18",-20,43.5
"18",-21,44.5
"18",-20,45.5
"18",-19,46.5
"18",-18,47.5
"18",-17,48.5
"18",-16,49.5
"18",-15,50.5
"18",-14,51.5
"18",-13,52.5
"18",-12,53.5
"18",-11,54.5
"18",-10,55.5
"18",-9,56.5
"18",-8,57.5
"18",-7,58.5
"18",-6,59.5
"18",-5,59.5
"18",-4,59.5
"18",-3,59.5
"18",-2,58.5
"18",-1,57.5
"18",-1,56.5
"18",0,55.5
"18",0,54.5
"19",0,-73.5
"19",-1,-72.5
"19",-2,-71.5
"19",-3,-71.5
"19",-4,-70.5
"19",-5,-70.5
"19",-6,-70.5
"19",-7,-69.5
"19",-8,-68.5
"19",-9,-67.5
"19",-10,-66.5
"19",-11,-65.5
"19",-10,-64.5
"19",-11,-63.5
"19",-10,-62.5
"19",-9,-61.5
"19",-8,-60.5
"19",-7,-59.5
"19",-6,-58.5
"19",-5,-57.5
"19",-4,-56.5
"19",-3,-55.5
"19",-2,-54.5
"19",-1,-53.5
"19",0,-52.5
"19",1,-51.5
"19",2,-50.5
"19",3,-49.5
"19",4,-48.5
"19",5,-47.5
"19",6,-46.5
"19",7,-45.5
"19",8,-44.5
"19",9,-43.5
"19",10,-42.5
"19",11,-41.5
"19",12,-40.5
"19",13,-39.5
"19",14,-38.5
"19",15,-37.5
"19",15,-36.5
"19",15,-35.5
"19",15,-34.5
"19",15,-33.5
"19",15,-32.5
"19",15,-31.5
"19",15,-30.5
"19",15,-29.5
"19",14,-28.5
"19",13,-27.5
"19",12,-26.5
"19",11,-25.5
"19",10,-24.5
"19",9,-23.5
"19",8,-22.5
"19",7,-21.5
"19",6,-20.5
"19",5,-19.5
"19",4,-18.5
"19",3,-17.5
"19",2,-16.5
"19",1,-15.5
"19",0,-14.5
"19",-1,-13.5
"19",-2,-12.5
"19",-3,-11.5
"19",-4,-10.5
"19",-5,-9.5
"19",-6,-8.5
"19",-7,-7.5
"19",-8,-6.5
"19",-9,-5.5
"19",-10,-4.5
"19",-11,-3.5
"19",-12,-2.5
"19",-13,-1.5
"19",-14,-0.5
"19",-15,0.5
"19",-16,1.5
"19",-17,2.5
"19",-17,3.5
"19",-17,4.5
"19",-17,5.5
"19",-17,6.5
"19",-17,7.5
"19",-17,8.5
"19",-17,9.5
"19",-17,10.5
"19",-17,11.5
"19",-18,12.5
"19",-18,13.5
"19",-18,14.5
"19",-18,15.5
"19",-18,16.5
"19",-18,17.5
"19",-18,18.5
"19",-18,19.5
"19",-18,20.5
"19",-18,21.5
"19",-18,22.5
"19",-18,23.5
"19",-18,24.5
"19",-18,25.5
"19",-17,26.5
"19",-17,27.5
"19",-17,28.5
"19",-17,29.5
"19",-17,30.5
"19",-17,31.5
"19",-17,32.5
"19",-17,33.5
"19",-17,34.5
"19",-17,35.5
"19",-17,36.5
"19",-17,37.5
"19",-17,38.5
"19",-17,39.5
"19",-17,40.5
"19",-18,41.5
"19",-19,42.5
"19",-20,43.5
"19",-20,44.5
"19",-20,45.5
"19",-19,46.5
"19",-18,47.5
"19",-17,48.5
"19",-16,49.5
"19",-15,50.5
"19",-14,51.5
"19",-13,52.5
"19",-12,53.5
"19",-11,54.5
"19",-10,55.5
"19",-9,56.5
"19",-8,57.5
"19",-7,58.5
"19",-6,59.5
"19",-5,59.5
"19",-4,59.5
"19",-3,59.5
"19",-2,58.5
"19",-1,57.5
"19",-1,56.5
"19",0,55.5
"19",0,54.5
"20",0,-73.5
"20",-1,-72.5
"20",-2,-71.5
"20",-3,-71.5
"20",-4,-70.5
"20",-5,-69.5
"20",-6,-68.5
"20",-7,-67.5
"20",-8,-66.5
"20",-9,-65.5
"20",-10,-64.5
"20",-11,-63.5
"20",-10,-62.5
"20",-9,-61.5
"20",-8,-60.5
"20",-7,-59.5
"20",-6,-58.5
"20",-5,-57.5
"20",-4,-56.5
"20",-3,-55.5
"20",-2,-54.5
"20",-1,-53.5
"20",0,-52.5
"20",1,-51.5
"20",2,-50.5
"20",3,-49.5
"20",4,-48.5
"20",5,-47.5
"20",6,-46.5
"20",7,-45.5
"20",8,-44.5
"20",9,-43.5
"20",10,-42.5
"20",11,-41.5
"20",12,-40.5
"20",13,-39.5
"20",14,-38.5
"20",14,-37.5
"20",14,-36.5
"20",14,-35.5
"20",14,-34.5
"20",14,-33.5
"20",14,-32.5
"20",14,-31.5
"20",14,-30.5
"20",14,-29.5
"20",14,-28.5
"20",13,-27.5
"20",12,-26.5
"20",11,-25.5
"20",10,-24.5
"20",9,-23.5
"20",8,-22.5
"20",7,-21.5
"20",6,-20.5
"20",5,-19.5
"20",4,-18.5
"20",3,-17.5
"20",2,-16.5
"20",1,-15.5
"20",0,-14.5
"20",-1,-13.5
"20",-2,-12.5
"20",-3,-11.5
"20",-4,-10.5
"20",-5,-9.5
"20",-6,-8.5
"20",-7,-7.5
"20",-8,-6.5
"20",-9,-5.5
"20",-10,-4.5
"20",-11,-3.5
"20",-12,-2.5
"20",-13,-1.5
"20",-14,-0.5
"20",-15,0.5
"20",-16,1.5
"20",-17,2.5
"20",-17,3.5
"20",-17,4.5
"20",-17,5.5
"20",-17,6.5
"20",-17,7.5
"20",-17,8.5
"20",-17,9.5
"20",-17,10.5
"20",-17,11.5
"20",-17,12.5
"20",-18,13.5
"20",-18,14.5
"20",-18,15.5
"20",-18,16.5
"20",-18,17.5
"20",-18,18.5
"20",-18,19.5
"20",-18,20.5
"20",-18,21.5
"20",-18,22.5
"20",-18,23.5
"20",-18,24.5
"20",-18,25.5
"20",-18,26.5
"20",-18,27.5
"20",-18,28.5
"20",-18,29.5
"20",-18,30.5
"20",-18,31.5
"20",-18,32.5
"20",-18,33.5
"20",-18,34.5
"20",-18,35.5
"20",-18,36.5
"20",-18,37.5
"20",-18,38.5
"20",-18,39.5
"20",-18,40.5
"20",-18,41.5
"20",-19,42.5
"20",-20,43.5
"20",-20,44.5
"20",-20,45.5
"20",-19,46.5
"20",-18,47.5
"20",-17,48.5
"20",-16,49.5
"20",-15,50.5
"20",-14,51.5
"20",-13,52.5
"20",-12,53.5
"20",-11,54.5
"20",-10,55.5
"20",-9,56.5
"20",-8,57.5
"20",-7,58.5
"20",-6,59.5
"20",-5,59.5
"20",-4,59.5
"20",-3,59.5
"20",-2,58.5
"20",-1,57.5
"20",-1,56.5
"20",0,55.5
"20",0,54.5
"21",0,-73.5
"21",-1,-72.5
"21",-2,-71.5
"21",-3,-71.5
"21",-4,-70.5
"21",-5,-69.5
"21",-6,-68.5
"21",-7,-67.5
"21",-8,-66.5
"21",-9,-65.5
"21",-10,-64.5
"21",-11,-63.5
"21",-10,-62.5
"21",-9,-61.5
"21",-8,-60.5
"21",-7,-59.5
"21",-6,-58.5
"21",-5,-57.5
"21",-4,-56.5
"21",-3,-55.5
"21",-2,-54.5
"21",-1,-53.5
"21",0,-52.5
"21",1,-51.5
"21",2,-50.5
"21",3,-49.5
"21",4,-48.5
"21",5,-47.5
"21",6,-46.5
"21",7,-45.5
"21",8,-44.5
"21",9,-43.5
"21",10,-42.5
"21",11,-41.5
"21",12,-40.5
"21",13,-39.5
"21",13,-38.5
"21",13,-37.5
"21",13,-36.5
"21",13,-35.5
"21",13,-34.5
"21",13,-33.5
"21",13,-32.5
"21",13,-31.5
"21",13,-30.5
"21",13,-29.5
"21",13,-28.5
"21",12,-27.5
"21",11,-26.5
"21",10,-25.5
"21",9,-24.5
"21",8,-23.5
"21",7,-22.5
"21",6,-21.5
"21",5,-20.5
"21",4,-19.5
"21",3,-18.5
"21",2,-17.5
"21",1,-16.5
"21",0,-15.5
"21",-1,-14.5
"21",-2,-13.5
"21",-3,-12.5
"21",-4,-11.5
"21",-5,-10.5
"21",-6,-9.5
"21",-7,-8.5
"21",-8,-7.5
"21",-9,-6.5
"21",-10,-5.5
"21",-11,-4.5
"21",-12,-3.5
"21",-13,-2.5
"21",-14,-1.5
"21",-15,-0.5
"21",-16,0.5
"21",-17,1.5
"21",-17,2.5
"21",-17,3.5
"21",-17,4.5
"21",-17,5.5
"21",-17,6.5
"21",-17,7.5
"21",-17,8.5
"21",-17,9.5
"21",-17,10.5
"21",-17,11.5
"21",-17,12.5
"21",-18,13.5
"21",-18,14.5
"21",-18,15.5
"21",-18,16.5
"21",-18,17.5
"21",-18,18.5
"21",-18,19.5
"21",-18,20.5
"21",-18,21.5
"21",-18,22.5
"21",-18,23.5
"21",-18,24.5
"21",-18,25.5
"21",-18,26.5
"21",-18,27.5
"21",-18,28.5
"21",-18,29.5
"21",-18,30.5
"21",-18,31.5
"21",-18,32.5
"21",-18,33.5
"21",-18,34.5
"21",-18,35.5
"21",-18,36.5
"21",-18,37.5
"21",-18,38.5
"21",-18,39.5
"21",-18,40.5
"21",-18,41.5
"21",-19,42.5
"21",-19,43.5
"21",-19,44.5
"21",-19,45.5
"21",-19,46.5
"21",-18,47.5
"21",-17,48.5
"21",-16,49.5
"21",-15,50.5
"21",-14,51.5
"21",-13,52.5
"21",-12,53.5
"21",-11,54.5
"21",-10,55.5
"21",-9,56.5
"21",-8,57.5
"21",-7,58.5
"21",-6,59.5
"21",-5,59.5
"21",-4,59.5
"21",-3,59.5
"21",-2,58.5
"21",-1,57.5
"21",0,56.5
"21",0,55.5
"21",0,54.5
"22",0,-73.5
"22",-1,-72.5
"22",-2,-71.5
"22",-3,-70.5
"22",-4,-69.5
"22",-5,-68.5
"22",-6,-67.5
"22",-7,-66.5
"22",-8,-65.5
"22",-9,-64.5
"22",-9,-63.5
"22",-8,-62.5
"22",-7,-61.5
"22",-6,-60.5
"22",-5,-59.5
"22",-4,-58.5
"22",-3,-57.5
"22",-2,-56.5
"22",-1,-55.5
"22",0,-54.5
"22",1,-53.5
"22",2,-52.5
"22",3,-51.5
"22",4,-50.5
"22",5,-49.5
"22",6,-48.5
"22",7,-47.5
"22",8,-46.5
"22",9,-45.5
"22",10,-44.5
"22",11,-43.5
"22",12,-42.5
"22",13,-41.5
"22",13,-40.5
"22",13,-39.5
"22",13,-38.5
"22",13,-37.5
"22",13,-36.5
"22",13,-35.5
"22",13,-34.5
"22",13,-33.5
"22",13,-32.5
"22",13,-31.5
"22",13,-30.5
"22",13,-29.5
"22",13,-28.5
"22",12,-27.5
"22",11,-26.5
"22",10,-25.5
"22",9,-24.5
"22",8,-23.5
"22",7,-22.5
"22",6,-21.5
"22",5,-20.5
"22",4,-19.5
"22",3,-18.5
"22",2,-17.5
"22",1,-16.5
"22",0,-15.5
"22",-1,-14.5
"22",-2,-13.5
"22",-3,-12.5
"22",-4,-11.5
"22",-5,-10.5
"22",-6,-9.5
"22",-7,-8.5
"22",-8,-7.5
"22",-9,-6.5
"22",-10,-5.5
"22",-11,-4.5
"22",-12,-3.5
"22",-13,-2.5
"22",-14,-1.5
"22",-15,-0.5
"22",-16,0.5
"22",-16,1.5
"22",-16,2.5
"22",-16,3.5
"22",-16,4.5
"22",-16,5.5
"22",-16,6.5
"22",-16,7.5
"22",-16,8.5
"22",-16,9.5
"22",-16,10.5
"22",-17,11.5
"22",-17,12.5
"22",-18,13.5
"22",-18,14.5
"22",-19,15.5
"22",-20,16.5
"22",-21,17.5
"22",-22,18.5
"22",-23,19.5
"22",-24,20.5
"22",-25,21.5
"22",-26,22.5
"22",-27,23.5
"22",-28,24.5
"22",-28,25.5
"22",-28,26.5
"22",-28,27.5
"22",-28,28.5
"22",-28,29.5
"22",-28,30.5
"22",-28,31.5
"22",-28,32.5
"22",-28,33.5
"22",-28,34.5
"22",-28,35.5
"22",-28,36.5
"22",-28,37.5
"22",-27,38.5
"22",-26,39.5
"22",-25,40.5
"22",-24,41.5
"22",-23,42.5
"22",-22,43.5
"22",-21,44.5
"22",-20,45.5
"22",-19,46.5
"22",-18,47.5
"22",-17,48.5
"22",-16,49.5
"22",-15,50.5
"22",-14,51.5
"22",-13,52.5
"22",-12,53.5
"22",-11,54.5
"22",-10,55.5
"22",-9,56.5
"22",-8,57.5
"22",-7,58.5
"22",-6,59.5
"22",-5,59.5
"22",-4,59.5
"22",-3,59.5
"22",-2,58.5
"22",-1,57.5
"22",0,56.5
"22",0,55.5
"22",0,54.5
"23",0,-73.5
"23",-1,-72.5
"23",-2,-71.5
"23",-3,-71.5
"23",-4,-70.5
"23",-5,-70.5
"23",-6,-70.5
"23",-7,-70.5
"23",-8,-70.5
"23",-9,-70.5
"23",-10,-70.5
"23",-11,-70.5
"23",-12,-70.5
"23",-13,-70.5
"23",-14,-70.5
"23",-15,-70.5
"23",-16,-70.5
"23",-17,-70.5
"23",-18,-70.5
"23",-19,-69.5
"23",-19,-68.5
"23",-19,-67.5
"23",-18,-66.5
"23",-17,-65.5
"23",-16,-64.5
"23",-15,-63.5
"23",-14,-62.5
"23",-13,-61.5
"23",-12,-60.5
"23",-11,-59.5
"23",-10,-58.5
"23",-9,-57.5
"23",-8,-56.5
"23",-7,-55.5
"23",-6,-54.5
"23",-5,-53.5
"23",-4,-52.5
"23",-3,-51.5
"23",-2,-50.5
"23",-1,-49.5
"23",0,-48.5
"23",1,-47.5
"23",2,-46.5
"23",3,-45.5
"23",4,-44.5
"23",5,-43.5
"23",6,-42.5
"23",7,-41.5
"23",8,-40.5
"23",9,-39.5
"23",10,-38.5
"23",11,-37.5
"23",12,-36.5
"23",13,-35.5
"23",14,-34.5
"23",14,-33.5
"23",14,-32.5
"23",14,-31.5
"23",14,-30.5
"23",14,-29.5
"23",14,-28.5
"23",13,-27.5
"23",12,-26.5
"23",11,-25.5
"23",10,-24.5
"23",9,-23.5
"23",8,-22.5
"23",7,-21.5
"23",6,-20.5
"23",5,-19.5
"23",4,-18.5
"23",3,-17.5
"23",2,-16.5
"23",1,-15.5
"23",0,-14.5
"23",-1,-13.5
"23",-2,-12.5
"23",-3,-11.5
"23",-4,-10.5
"23",-5,-9.5
"23",-6,-8.5
"23",-7,-7.5
"23",-8,-6.5
"23",-9,-5.5
"23",-10,-4.5
"23",-11,-3.5
"23",-12,-2.5
"23",-13,-1.5
"23",-14,-0.5
"23",-15,0.5
"23",-16,1.5
"23",-17,2.5
"23",-17,3.5
"23",-17,4.5
"23",-17,5.5
"23",-17,6.5
"23",-17,7.5
"23",-17,8.5
"23",-17,9.5
"23",-17,10.5
"23",-17,11.5
"23",-18,12.5
"23",-18,13.5
"23",-18,14.5
"23",-18,15.5
"23",-18,16.5
"23",-18,17.5
"23",-18,18.5
"23",-18,19.5
"23",-18,20.5
"23",-18,21.5
"23",-18,22.5
"23",-18,23.5
"23",-18,24.5
"23",-18,25.5
"23",-17,26.5
"23",-17,27.5
"23",-17,28.5
"23",-17,29.5
"23",-17,30.5
"23",-17,31.5
"23",-17,32.5
"23",-17,33.5
"23",-17,34.5
"23",-17,35.5
"23",-17,36.5
"23",-17,37.5
"23",-17,38.5
"23",-17,39.5
"23",-17,40.5
"23",-18,41.5
"23",-19,42.5
"23",-20,43.5
"23",-21,44.5
"23",-20,45.5
"23",-19,46.5
"23",-18,47.5
"23",-17,48.5
"23",-16,49.5
"23",-15,50.5
"23",-14,51.5
"23",-13,52.5
"23",-12,53.5
"23",-11,54.5
"23",-10,55.5
"23",-9,56.5
"23",-8,57.5
"23",-7,58.5
"23",-6,59.5
"23",-5,59.5
"23",-4,59.5
"23",-3,59.5
"23",-2,58.5
"23",-1,57.5
"23",-1,56.5
"23",0,55.5
"23",0,54.5
"24",0,-73.5
"24",-1,-72.5
"24",-2,-71.5
"24",-3,-71.5
"24",-4,-70.5
"24",-5,-70.5
"24",-6,-70.5
"24",-7,-70.5
"24",-8,-70.5
"24",-9,-70.5
"24",-10,-70.5
"24",-11,-70.5
"24",-12,-70.5
"24",-13,-70.5
"24",-14,-70.5
"24",-15,-69.5
"24",-16,-68.5
"24",-16,-67.5
"24",-16,-66.5
"24",-15,-65.5
"24",-14,-64.5
"24",-13,-63.5
"24",-12,-62.5
"24",-11,-61.5
"24",-10,-60.5
"24",-9,-59.5
"24",-8,-58.5
"24",-7,-57.5
"24",-6,-56.5
"24",-5,-55.5
"24",-4,-54.5
"24",-3,-53.5
"24",-2,-52.5
"24",-1,-51.5
"24",0,-50.5
"24",1,-49.5
"24",2,-48.5
"24",3,-47.5
"24",4,-46.5
"24",5,-45.5
"24",6,-44.5
"24",7,-43.5
"24",8,-42.5
"24",9,-41.5
"24",10,-40.5
"24",11,-39.5
"24",12,-38.5
"24",13,-37.5
"24",14,-36.5
"24",15,-35.5
"24",15,-34.5
"24",15,-33.5
"24",15,-32.5
"24",15,-31.5
"24",15,-30.5
"24",15,-29.5
"24",14,-28.5
"24",13,-27.5
"24",12,-26.5
"24",11,-25.5
"24",10,-24.5
"24",9,-23.5
"24",8,-22.5
"24",7,-21.5
"24",6,-20.5
"24",5,-19.5
"24",4,-18.5
"24",3,-17.5
"24",2,-16.5
"24",1,-15.5
"24",0,-14.5
"24",-1,-13.5
"24",-2,-12.5
"24",-3,-11.5
"24",-4,-10.5
"24",-5,-9.5
"24",-6,-8.5
"24",-7,-7.5
"24",-8,-6.5
"24",-9,-5.5
"24",-10,-4.5
"24",-11,-3.5
"24",-12,-2.5
"24",-13,-1.5
"24",-14,-0.5
"24",-15,0.5
"24",-16,1.5
"24",-17,2.5
"24",-17,3.5
"24",-17,4.5
"24",-17,5.5
"24",-17,6.5
"24",-17,7.5
"24",-17,8.5
"24",-17,9.5
"24",-17,10.5
"24",-17,11.5
"24",-17,12.5
"24",-18,13.5
"24",-18,14.5
"24",-18,15.5
"24",-18,16.5
"24",-18,17.5
"24",-18,18.5
"24",-18,19.5
"24",-18,20.5
"24",-18,21.5
"24",-18,22.5
"24",-18,23.5
"24",-18,24.5
"24",-18,25.5
"24",-17,26.5
"24",-17,27.5
"24",-17,28.5
"24",-17,29.5
"24",-17,30.5
"24",-17,31.5
"24",-17,32.5
"24",-17,33.5
"24",-17,34.5
"24",-17,35.5
"24",-17,36.5
"24",-17,37.5
"24",-17,38.5
"24",-17,39.5
"24",-17,40.5
"24",-18,41.5
"24",-19,42.5
"24",-20,43.5
"24",-20,44.5
"24",-20,45.5
"24",-19,46.5
"24",-18,47.5
"24",-17,48.5
"24",-16,49.5
"24",-15,50.5
"24",-14,51.5
"24",-13,52.5
"24",-12,53.5
"24",-11,54.5
"24",-10,55.5
"24",-9,56.5
"24",-8,57.5
"24",-7,58.5
"24",-6,59.5
"24",-5,59.5
"24",-4,59.5
"24",-3,59.5
"24",-2,58.5
"24",-1,57.5
"24",-1,56.5
"24",0,55.5
"24",0,54.5
"25",0,-73.5
"25",-1,-72.5
"25",-2,-71.5
"25",-3,-71.5
"25",-4,-70.5
"25",-5,-70.5
"25",-6,-70.5
"25",-7,-69.5
"25",-8,-68.5
"25",-9,-67.5
"25",-10,-66.5
"25",-11,-65.5
"25",-12,-64.5
"25",-11,-63.5
"25",-10,-62.5
"25",-9,-61.5
"25",-8,-60.5
"25",-7,-59.5
"25",-6,-58.5
"25",-5,-57.5
"25",-4,-56.5
"25",-3,-55.5
"25",-2,-54.5
"25",-1,-53.5
"25",0,-52.5
"25",1,-51.5
"25",2,-50.5
"25",3,-49.5
"25",4,-48.5
"25",5,-47.5
"25",6,-46.5
"25",7,-45.5
"25",8,-44.5
"25",9,-43.5
"25",10,-42.5
"25",11,-41.5
"25",12,-40.5
"25",13,-39.5
"25",14,-38.5
"25",15,-37.5
"25",15,-36.5
"25",15,-35.5
"25",15,-34.5
"25",15,-33.5
"25",15,-32.5
"25",15,-31.5
"25",15,-30.5
"25",15,-29.5
"25",14,-28.5
"25",13,-27.5
"25",12,-26.5
"25",11,-25.5
"25",10,-24.5
"25",9,-23.5
"25",8,-22.5
"25",7,-21.5
"25",6,-20.5
"25",5,-19.5
"25",4,-18.5
"25",3,-17.5
"25",2,-16.5
"25",1,-15.5
"25",0,-14.5
"25",-1,-13.5
"25",-2,-12.5
"25",-3,-11.5
"25",-4,-10.5
"25",-5,-9.5
"25",-6,-8.5
"25",-7,-7.5
"25",-8,-6.5
"25",-9,-5.5
"25",-10,-4.5
"25",-11,-3.5
"25",-12,-2.5
"25",-13,-1.5
"25",-14,-0.5
"25",-15,0.5
"25",-16,1.5
"25",-17,2.5
"25",-17,3.5
"25",-17,4.5
"25",-17,5.5
"25",-17,6.5
"25",-17,7.5
"25",-17,8.5
"25",-17,9.5
"25",-17,10.5
"25",-17,11.5
"25",-17,12.5
"25",-18,13.5
"25",-18,14.5
"25",-18,15.5
"25",-18,16.5
"25",-18,17.5
"25",-18,18.5
"25",-18,19.5
"25",-18,20.5
"25",-18,21.5
"25",-18,22.5
"25",-18,23.5
"25",-18,24.5
"25",-18,25.5
"25",-17,26.5
"25",-17,27.5
"25",-17,28.5
"25",-17,29.5
"25",-17,30.5
"25",-17,31.5
"25",-17,32.5
"25",-17,33.5
"25",-17,34.5
"25",-17,35.5
"25",-17,36.5
"25",-17,37.5
"25",-17,38.5
"25",-17,39.5
"25",-17,40.5
"25",-18,41.5
"25",-19,42.5
"25",-20,43.5
"25",-20,44.5
"25",-20,45.5
"25",-19,46.5
"25",-18,47.5
"25",-17,48.5
"25",-16,49.5
"25",-15,50.5
"25",-14,51.5
"25",-13,52.5
"25",-12,53.5
"25",-11,54.5
"25",-10,55.5
"25",-9,56.5
"25",-8,57.5
"25",-7,58.5
"25",-6,59.5
"25",-5,59.5
"25",-4,59.5
"25",-3,59.5
"25",-2,58.5
"25",-1,57.5
"25",-1,56.5
"25",0,55.5
"25",0,54.5
"26",0,-73.5
"26",-1,-72.5
"26",-2,-71.5
"26",-3,-71.5
"26",-4,-70.5
"26",-5,-69.5
"26",-6,-68.5
"26",-7,-67.5
"26",-8,-66.5
"26",-9,-65.5
"26",-10,-64.5
"26",-11,-63.5
"26",-10,-62.5
"26",-9,-61.5
"26",-8,-60.5
"26",-7,-59.5
"26",-6,-58.5
"26",-5,-57.5
"26",-4,-56.5
"26",-3,-55.5
"26",-2,-54.5
"26",-1,-53.5
"26",0,-52.5
"26",1,-51.5
"26",2,-50.5
"26",3,-49.5
"26",4,-48.5
"26",5,-47.5
"26",6,-46.5
"26",7,-45.5
"26",8,-44.5
"26",9,-43.5
"26",10,-42.5
"26",11,-41.5
"26",12,-40.5
"26",13,-39.5
"26",14,-38.5
"26",14,-37.5
"26",14,-36.5
"26",14,-35.5
"26",14,-34.5
"26",14,-33.5
"26",14,-32.5
"26",14,-31.5
"26",14,-30.5
"26",14,-29.5
"26",14,-28.5
"26",13,-27.5
"26",12,-26.5
"26",11,-25.5
"26",10,-24.5
"26",9,-23.5
"26",8,-22.5
"26",7,-21.5
"26",6,-20.5
"26",5,-19.5
"26",4,-18.5
"26",3,-17.5
"26",2,-16.5
"26",1,-15.5
"26",0,-14.5
"26",-1,-13.5
"26",-2,-12.5
"26",-3,-11.5
"26",-4,-10.5
"26",-5,-9.5
"26",-6,-8.5
"26",-7,-7.5
"26",-8,-6.5
"26",-9,-5.5
"26",-10,-4.5
"26",-11,-3.5
"26",-12,-2.5
"26",-13,-1.5
"26",-14,-0.5
"26",-15,0.5
"26",-16,1.5
"26",-17,2.5
"26",-17,3.5
"26",-17,4.5
"26",-17,5.5
"26",-17,6.5
"26",-17,7.5
"26",-17,8.5
"26",-17,9.5
"26",-17,10.5
"26",-17,11.5
"26",-17,12.5
"26",-18,13.5
"26",-18,14.5
"26",-18,15.5
"26",-18,16.5
"26",-18,17.5
"26",-18,18.5
"26",-18,19.5
"26",-18,20.5
"26",-18,21.5
"26",-18,22.5
"26",-18,23.5
"26",-18,24.5
"26",-18,25.5
"26",-18,26.5
"26",-18,27.5
"26",-18,28.5
"26",-18,29.5
"26",-18,30.5
"26",-18,31.5
"26",-18,32.5
"26",-18,33.5
"26",-18,34.5
"26",-18,35.5
"26",-18,36.5
"26",-18,37.5
"26",-18,38.5
"26",-18,39.5
"26",-18,40.5
"26",-18,41.5
"26",-19,42.5
"26",-19,43.5
"26",-19,44.5
"26",-19,45.5
"26",-19,46.5
"26",-18,47.5
"26",-17,48.5
"26",-16,49.5
"26",-15,50.5
"26",-14,51.5
"26",-13,52.5
"26",-12,53.5
"26",-11,54.5
"26",-10,55.5
"26",-9,56.5
"26",-8,57.5
"26",-7,58.5
"26",-6,59.5
"26",-5,59.5
"26",-4,59.5
"26",-3,59.5
"26",-2,58.5
"26",-1,57.5
"26",0,56.5
"26",0,55.5
"26",0,54.5
"27",0,-73.5
"27",-1,-72.5
"27",-2,-71.5
"27",-3,-71.5
"27",-4,-70.5
"27",-5,-69.5
"27",-6,-68.5
"27",-7,-67.5
"27",-8,-66.5
"27",-9,-65.5
"27",-10,-64.5
"27",-10,-63.5
"27",-9,-62.5
"27",-8,-61.5
"27",-7,-60.5
"27",-6,-59.5
"27",-5,-58.5
"27",-4,-57.5
"27",-3,-56.5
"27",-2,-55.5
"27",-1,-54.5
"27",0,-53.5
"27",1,-52.5
"27",2,-51.5
"27",3,-50.5
"27",4,-49.5
"27",5,-48.5
"27",6,-47.5
"27",7,-46.5
"27",8,-45.5
"27",9,-44.5
"27",10,-43.5
"27",11,-42.5
"27",12,-41.5
"27",13,-40.5
"27",14,-39.5
"27",14,-38.5
"27",14,-37.5
"27",14,-36.5
"27",14,-35.5
"27",14,-34.5
"27",14,-33.5
"27",14,-32.5
"27",14,-31.5
"27",14,-30.5
"27",14,-29.5
"27",14,-28.5
"27",13,-27.5
"27",12,-26.5
"27",11,-25.5
"27",10,-24.5
"27",9,-23.5
"27",8,-22.5
"27",7,-21.5
"27",6,-20.5
"27",5,-19.5
"27",4,-18.5
"27",3,-17.5
"27",2,-16.5
"27",1,-15.5
"27",0,-14.5
"27",-1,-13.5
"27",-2,-12.5
"27",-3,-11.5
"27",-4,-10.5
"27",-5,-9.5
"27",-6,-8.5
"27",-7,-7.5
"27",-8,-6.5
"27",-9,-5.5
"27",-10,-4.5
"27",-11,-3.5
"27",-12,-2.5
"27",-13,-1.5
"27",-14,-0.5
"27",-15,0.5
"27",-16,1.5
"27",-16,2.5
"27",-16,3.5
"27",-16,4.5
"27",-16,5.5
"27",-16,6.5
"27",-16,7.5
"27",-16,8.5
"27",-16,9.5
"27",-16,10.5
"27",-17,11.5
"27",-17,12.5
"27",-18,13.5
"27",-18,14.5
"27",-18,15.5
"27",-18,16.5
"27",-18,17.5
"27",-18,18.5
"27",-18,19.5
"27",-18,20.5
"27",-19,21.5
"27",-20,22.5
"27",-21,23.5
"27",-22,24.5
"27",-23,25.5
"27",-24,26.5
"27",-25,27.5
"27",-25,28.5
"27",-25,29.5
"27",-25,30.5
"27",-25,31.5
"27",-25,32.5
"27",-25,33.5
"27",-25,34.5
"27",-25,35.5
"27",-25,36.5
"27",-25,37.5
"27",-25,38.5
"27",-25,39.5
"27",-25,40.5
"27",-24,41.5
"27",-23,42.5
"27",-22,43.5
"27",-21,44.5
"27",-20,45.5
"27",-19,46.5
"27",-18,47.5
"27",-17,48.5
"27",-16,49.5
"27",-15,50.5
"27",-14,51.5
"27",-13,52.5
"27",-12,53.5
"27",-11,54.5
"27",-10,55.5
"27",-9,56.5
"27",-8,57.5
"27",-7,58.5
"27",-6,59.5
"27",-5,59.5
"27",-4,59.5
"27",-3,59.5
"27",-2,58.5
"27",-1,57.5
"27",0,56.5
"27",0,55.5
"27",0,54.5
"28",0,-73.5
"28",-1,-72.5
"28",-2,-71.5
"28",-3,-70.5
"28",-4,-69.5
"28",-5,-68.5
"28",-6,-67.5
"28",-7,-66.5
"28",-8,-65.5
"28",-9,-64.5
"28",-9,-63.5
"28",-8,-62.5
"28",-7,-61.5
"28",-6,-60.5
"28",-5,-59.5
"28",-4,-58.5
"28",-3,-57.5
"28",-2,-56.5
"28",-1,-55.5
"28",0,-54.5
"28",1,-53.5
"28",2,-52.5
"28",3,-51.5
"28",4,-50.5
"28",5,-49.5
"28",6,-48.5
"28",7,-47.5
"28",8,-46.5
"28",9,-45.5
"28",10,-44.5
"28",11,-43.5
"28",12,-42.5
"28",13,-41.5
"28",14,-40.5
"28",14,-39.5
"28",14,-38.5
"28",14,-37.5
"28",14,-36.5
"28",14,-35.5
"28",14,-34.5
"28",14,-33.5
"28",14,-32.5
"28",14,-31.5
"28",14,-30.5
"28",14,-29.5
"28",13,-28.5
"28",12,-27.5
"28",11,-26.5
"28",10,-25.5
"28",9,-24.5
"28",8,-23.5
"28",7,-22.5
"28",6,-21.5
"28",5,-20.5
"28",4,-19.5
"28",3,-18.5
"28",2,-17.5
"28",1,-16.5
"28",0,-15.5
"28",-1,-14.5
"28",-2,-13.5
"28",-3,-12.5
"28",-4,-11.5
"28",-5,-10.5
"28",-6,-9.5
"28",-7,-8.5
"28",-8,-7.5
"28",-9,-6.5
"28",-10,-5.5
"28",-11,-4.5
"28",-12,-3.5
"28",-13,-2.5
"28",-14,-1.5
"28",-15,-0.5
"28",-16,0.5
"28",-16,1.5
"28",-16,2.5
"28",-16,3.5
"28",-16,4.5
"28",-16,5.5
"28",-16,6.5
"28",-16,7.5
"28",-16,8.5
"28",-16,9.5
"28",-16,10.5
"28",-17,11.5
"28",-17,12.5
"28",-18,13.5
"28",-19,14.5
"28",-20,15.5
"28",-21,16.5
"28",-22,17.5
"28",-23,18.5
"28",-24,19.5
"28",-25,20.5
"28",-26,21.5
"28",-27,22.5
"28",-28,23.5
"28",-29,24.5
"28",-30,25.5
"28",-31,26.5
"28",-31,27.5
"28",-31,28.5
"28",-31,29.5
"28",-31,30.5
"28",-31,31.5
"28",-31,32.5
"28",-31,33.5
"28",-31,34.5
"28",-30,35.5
"28",-29,36.5
"28",-28,37.5
"28",-27,38.5
"28",-26,39.5
"28",-25,40.5
"28",-24,41.5
"28",-23,42.5
"28",-22,43.5
"28",-21,44.5
"28",-20,45.5
"28",-19,46.5
"28",-18,47.5
"28",-17,48.5
"28",-16,49.5
"28",-15,50.5
"28",-14,51.5
"28",-13,52.5
"28",-12,53.5
"28",-11,54.5
"28",-10,55.5
"28",-9,56.5
"28",-8,57.5
"28",-7,58.5
"28",-6,59.5
"28",-5,59.5
"28",-4,59.5
"28",-3,59.5
"28",-2,58.5
"28",-1,57.5
"28",0,56.5
"28",0,55.5
"28",0,54.5
"29",0,-73.5
"29",-1,-72.5
"29",-2,-71.5
"29",-3,-71.5
"29",-4,-70.5
"29",-5,-70.5
"29",-6,-70.5
"29",-7,-70.5
"29",-8,-70.5
"29",-9,-70.5
"29",-10,-70.5
"29",-11,-70.5
"29",-12,-70.5
"29",-13,-70.5
"29",-14,-70.5
"29",-15,-70.5
"29",-16,-70.5
"29",-17,-70.5
"29",-18,-70.5
"29",-19,-69.5
"29",-19,-68.5
"29",-19,-67.5
"29",-18,-66.5
"29",-17,-65.5
"29",-16,-64.5
"29",-15,-63.5
"29",-14,-62.5
"29",-13,-61.5
"29",-12,-60.5
"29",-11,-59.5
"29",-10,-58.5
"29",-9,-57.5
"29",-8,-56.5
"29",-7,-55.5
"29",-6,-54.5
"29",-5,-53.5
"29",-4,-52.5
"29",-3,-51.5
"29",-2,-50.5
"29",-1,-49.5
"29",0,-48.5
"29",1,-47.5
"29",2,-46.5
"29",3,-45.5
"29",4,-44.5
"29",5,-43.5
"29",6,-42.5
"29",7,-41.5
"29",8,-40.5
"29",9,-39.5
"29",10,-38.5
"29",11,-37.5
"29",12,-36.5
"29",13,-35.5
"29",14,-34.5
"29",14,-33.5
"29",14,-32.5
"29",14,-31.5
"29",14,-30.5
"29",14,-29.5
"29",14,-28.5
"29",13,-27.5
"29",12,-26.5
"29",11,-25.5
"29",10,-24.5
"29",9,-23.5
"29",8,-22.5
"29",7,-21.5
"29",6,-20.5
"29",5,-19.5
"29",4,-18.5
"29",3,-17.5
"29",2,-16.5
"29",1,-15.5
"29",0,-14.5
"29",-1,-13.5
"29",-2,-12.5
"29",-3,-11.5
"29",-4,-10.5
"29",-5,-9.5
"29",-6,-8.5
"29",-7,-7.5
"29",-8,-6.5
"29",-9,-5.5
"29",-10,-4.5
"29",-11,-3.5
"29",-12,-2.5
"29",-13,-1.5
"29",-14,-0.5
"29",-15,0.5
"29",-16,1.5
"29",-17,2.5
"29",-17,3.5
"29",-17,4.5
"29",-17,5.5
"29",-17,6.5
"29",-17,7.5
"29",-17,8.5
"29",-17,9.5
"29",-17,10.5
"29",-17,11.5
"29",-17,12.5
"29",-18,13.5
"29",-18,14.5
"29",-18,15.5
"29",-18,16.5
"29",-18,17.5
"29",-18,18.5
"29",-18,19.5
"29",-18,20.5
"29",-18,21.5
"29",-18,22.5
"29",-18,23.5
"29",-18,24.5
"29",-18,25.5
"29",-17,26.5
"29",-17,27.5
"29",-17,28.5
"29",-17,29.5
"29",-17,30.5
"29",-17,31.5
"29",-17,32.5
"29",-17,33.5
"29",-17,34.5
"29",-17,35.5
"29",-17,36.5
"29",-17,37.5
"29",-17,38.5
"29",-17,39.5
"29",-18,40.5
"29",-19,41.5
"29",-20,42.5
"29",-21,43.5
"29",-21,44.5
"29",-20,45.5
"29",-19,46.5
"29",-18,47.5
"29",-17,48.5
"29",-16,49.5
"29",-15,50.5
"29",-14,51.5
"29",-13,52.5
"29",-12,53.5
"29",-11,54.5
"29",-10,55.5
"29",-9,56.5
"29",-8,57.5
"29",-7,58.5
"29",-6,59.5
"29",-5,59.5
"29",-4,59.5
"29",-3,59.5
"29",-2,58.5
"29",-1,57.5
"29",-1,56.5
"29",0,55.5
"29",0,54.5
"30",0,-73.5
"30",-1,-72.5
"30",-2,-71.5
"30",-3,-71.5
"30",-4,-70.5
"30",-5,-70.5
"30",-6,-70.5
"30",-7,-70.5
"30",-8,-70.5
"30",-9,-70.5
"30",-10,-70.5
"30",-11,-70.5
"30",-12,-70.5
"30",-13,-70.5
"30",-14,-70.5
"30",-15,-69.5
"30",-16,-68.5
"30",-16,-67.5
"30",-16,-66.5
"30",-15,-65.5
"30",-14,-64.5
"30",-13,-63.5
"30",-12,-62.5
"30",-11,-61.5
"30",-10,-60.5
"30",-9,-59.5
"30",-8,-58.5
"30",-7,-57.5
"30",-6,-56.5
"30",-5,-55.5
"30",-4,-54.5
"30",-3,-53.5
"30",-2,-52.5
"30",-1,-51.5
"30",0,-50.5
"30",1,-49.5
"30",2,-48.5
"30",3,-47.5
"30",4,-46.5
"30",5,-45.5
"30",6,-44.5
"30",7,-43.5
"30",8,-42.5
"30",9,-41.5
"30",10,-40.5
"30",11,-39.5
"30",12,-38.5
"30",13,-37.5
"30",14,-36.5
"30",15,-35.5
"30",15,-34.5
"30",15,-33.5
"30",15,-32.5
"30",15,-31.5
"30",15,-30.5
"30",15,-29.5
"30",14,-28.5
"30",13,-27.5
"30",12,-26.5
"30",11,-25.5
"30",10,-24.5
"30",9,-23.5
"30",8,-22.5
"30",7,-21.5
"30",6,-20.5
"30",5,-19.5
"30",4,-18.5
"30",3,-17.5
"30",2,-16.5
"30",1,-15.5
"30",0,-14.5
"30",-1,-13.5
"30",-2,-12.5
"30",-3,-11.5
"30",-4,-10.5
"30",-5,-9.5
"30",-6,-8.5
"30",-7,-7.5
"30",-8,-6.5
"30",-9,-5.5
"30",-10,-4.5
"30",-11,-3.5
"30",-12,-2.5
"30",-13,-1.5
"30",-14,-0.5
"30",-15,0.5
"30",-16,1.5
"30",-17,2.5
"30",-17,3.5
"30",-17,4.5
"30",-17,5.5
"30",-17,6.5
"30",-17,7.5
"30",-17,8.5
"30",-17,9.5
"30",-17,10.5
"30",-17,11.5
"30",-17,12.5
"30",-18,13.5
"30",-18,14.5
"30",-18,15.5
"30",-18,16.5
"30",-18,17.5
"30",-18,18.5
"30",-18,19.5
"30",-18,20.5
"30",-18,21.5
"30",-18,22.5
"30",-18,23.5
"30",-18,24.5
"30",-18,25.5
"30",-17,26.5
"30",-17,27.5
"30",-17,28.5
"30",-17,29.5
"30",-17,30.5
"30",-17,31.5
"30",-17,32.5
"30",-17,33.5
"30",-17,34.5
"30",-17,35.5
"30",-17,36.5
"30",-17,37.5
"30",-17,38.5
"30",-17,39.5
"30",-17,40.5
"30",-18,41.5
"30",-19,42.5
"30",-20,43.5
"30",-20,44.5
"30",-20,45.5
"30",-19,46.5
"30",-18,47.5
"30",-17,48.5
"30",-16,49.5
"30",-15,50.5
"30",-14,51.5
"30",-13,52.5
"30",-12,53.5
"30",-11,54.5
"30",-10,55.5
"30",-9,56.5
"30",-8,57.5
"30",-7,58.5
"30",-6,59.5
"30",-5,59.5
"30",-4,59.5
"30",-3,59.5
"30",-2,58.5
"30",-1,57.5
"30",-1,56.5
"30",0,55.5
"30",0,54.5
"31",0,-73.5
"31",-1,-72.5
"31",-2,-71.5
"31",-3,-71.5
"31",-4,-70.5
"31",-5,-70.5
"31",-6,-70.5
"31",-7,-70.5
"31",-8,-70.5
"31",-9,-70.5
"31",-10,-70.5
"31",-11,-70.5
"31",-12,-69.5
"31",-13,-68.5
"31",-14,-67.5
"31",-14,-66.5
"31",-14,-65.5
"31",-13,-64.5
"31",-12,-63.5
"31",-11,-62.5
"31",-10,-61.5
"31",-9,-60.5
"31",-8,-59.5
"31",-7,-58.5
"31",-6,-57.5
"31",-5,-56.5
"31",-4,-55.5
"31",-3,-54.5
"31",-2,-53.5
"31",-1,-52.5
"31",0,-51.5
"31",1,-50.5
"31",2,-49.5
"31",3,-48.5
"31",4,-47.5
"31",5,-46.5
"31",6,-45.5
"31",7,-44.5
"31",8,-43.5
"31",9,-42.5
"31",10,-41.5
"31",11,-40.5
"31",12,-39.5
"31",13,-38.5
"31",14,-37.5
"31",15,-36.5
"31",15,-35.5
"31",15,-34.5
"31",15,-33.5
"31",15,-32.5
"31",15,-31.5
"31",15,-30.5
"31",15,-29.5
"31",14,-28.5
"31",13,-27.5
"31",12,-26.5
"31",11,-25.5
"31",10,-24.5
"31",9,-23.5
"31",8,-22.5
"31",7,-21.5
"31",6,-20.5
"31",5,-19.5
"31",4,-18.5
"31",3,-17.5
"31",2,-16.5
"31",1,-15.5
"31",0,-14.5
"31",-1,-13.5
"31",-2,-12.5
"31",-3,-11.5
"31",-4,-10.5
"31",-5,-9.5
"31",-6,-8.5
"31",-7,-7.5
"31",-8,-6.5
"31",-9,-5.5
"31",-10,-4.5
"31",-11,-3.5
"31",-12,-2.5
"31",-13,-1.5
"31",-14,-0.5
"31",-15,0.5
"31",-16,1.5
"31",-17,2.5
"31",-17,3.5
"31",-17,4.5
"31",-17,5.5
"31",-17,6.5
"31",-17,7.5
"31",-17,8.5
"31",-17,9.5
"31",-17,10.5
"31",-17,11.5
"31",-17,12.5
"31",-18,13.5
"31",-18,14.5
"31",-18,15.5
"31",-18,16.5
"31",-18,17.5
"31",-18,18.5
"31",-18,19.5
"31",-18,20.5
"31",-18,21.5
"31",-18,22.5
"31",-18,23.5
"31",-18,24.5
"31",-18,25.5
"31",-18,26.5
"31",-18,27.5
"31",-18,28.5
"31",-18,29.5
"31",-18,30.5
"31",-18,31.5
"31",-18,32.5
"31",-18,33.5
"31",-18,34.5
"31",-18,35.5
"31",-18,36.5
"31",-18,37.5
"31",-18,38.5
"31",-18,39.5
"31",-19,40.5
"31",-20,41.5
"31",-21,42.5
"31",-21,43.5
"31",-21,44.5
"31",-20,45.5
"31",-19,46.5
"31",-18,47.5
"31",-17,48.5
"31",-16,49.5
"31",-15,50.5
"31",-14,51.5
"31",-13,52.5
"31",-12,53.5
"31",-11,54.5
"31",-10,55.5
"31",-9,56.5
"31",-8,57.5
"31",-7,58.5
"31",-6,59.5
"31",-5,59.5
"31",-4,59.5
"31",-3,59.5
"31",-2,58.5
"31",-1,57.5
"31",0,56.5
"31",0,55.5
"31",0,54.5
"32",0,-73.5
"32",-1,-72.5
"32",-2,-71.5
"32",-3,-71.5
"32",-4,-70.5
"32",-5,-70.5
"32",-6,-70.5
"32",-7,-69.5
"32",-8,-68.5
"32",-9,-67.5
"32",-10,-66.5
"32",-11,-65.5
"32",-12,-64.5
"32",-12,-63.5
"32",-11,-62.5
"32",-10,-61.5
"32",-9,-60.5
"32",-8,-59.5
"32",-7,-58.5
"32",-6,-57.5
"32",-5,-56.5
"32",-4,-55.5
"32",-3,-54.5
"32",-2,-53.5
"32",-1,-52.5
"32",0,-51.5
"32",1,-50.5
"32",2,-49.5
"32",3,-48.5
"32",4,-47.5
"32",5,-46.5
"32",6,-45.5
"32",7,-44.5
"32",8,-43.5
"32",9,-42.5
"32",10,-41.5
"32",11,-40.5
"32",12,-39.5
"32",13,-38.5
"32",14,-37.5
"32",14,-36.5
"32",14,-35.5
"32",14,-34.5
"32",14,-33.5
"32",14,-32.5
"32",14,-31.5
"32",14,-30.5
"32",14,-29.5
"32",13,-28.5
"32",12,-27.5
"32",11,-26.5
"32",10,-25.5
"32",9,-24.5
"32",8,-23.5
"32",7,-22.5
"32",6,-21.5
"32",5,-20.5
"32",4,-19.5
"32",3,-18.5
"32",2,-17.5
"32",1,-16.5
"32",0,-15.5
"32",-1,-14.5
"32",-2,-13.5
"32",-3,-12.5
"32",-4,-11.5
"32",-5,-10.5
"32",-6,-9.5
"32",-7,-8.5
"32",-8,-7.5
"32",-9,-6.5
"32",-10,-5.5
"32",-11,-4.5
"32",-12,-3.5
"32",-13,-2.5
"32",-14,-1.5
"32",-15,-0.5
"32",-16,0.5
"32",-17,1.5
"32",-18,2.5
"32",-19,3.5
"32",-20,4.5
"32",-21,5.5
"32",-21,6.5
"32",-21,7.5
"32",-21,8.5
"32",-21,9.5
"32",-21,10.5
"32",-21,11.5
"32",-22,12.5
"32",-23,13.5
"32",-24,14.5
"32",-25,15.5
"32",-26,16.5
"32",-27,17.5
"32",-28,18.5
"32",-29,19.5
"32",-30,20.5
"32",-31,21.5
"32",-32,22.5
"32",-33,23.5
"32",-34,24.5
"32",-35,25.5
"32",-36,26.5
"32",-37,27.5
"32",-37,28.5
"32",-37,29.5
"32",-37,30.5
"32",-37,31.5
"32",-37,32.5
"32",-36,33.5
"32",-35,34.5
"32",-34,35.5
"32",-33,36.5
"32",-32,37.5
"32",-31,38.5
"32",-30,39.5
"32",-29,40.5
"32",-28,41.5
"32",-27,42.5
"32",-26,43.5
"32",-25,44.5
"32",-24,45.5
"32",-23,46.5
"32",-22,47.5
"32",-21,48.5
"32",-20,49.5
"32",-19,50.5
"32",-18,51.5
"32",-17,52.5
"32",-16,53.5
"32",-15,54.5
"32",-14,55.5
"32",-13,56.5
"32",-12,56.5
"32",-11,56.5
"32",-10,56.5
"32",-9,56.5
"32",-8,57.5
"32",-7,58.5
"32",-6,59.5
"32",-5,59.5
"32",-4,59.5
"32",-3,59.5
"32",-2,58.5
"32",-1,57.5
"32",0,56.5
"32",0,55.5
"32",0,54.5
"33",0,-73.5
"33",-1,-72.5
"33",-2,-71.5
"33",-3,-71.5
"33",-4,-70.5
"33",-5,-69.5
"33",-6,-68.5
"33",-7,-67.5
"33",-8,-66.5
"33",-9,-65.5
"33",-10,-64.5
"33",-10,-63.5
"33",-10,-62.5
"33",-9,-61.5
"33",-8,-60.5
"33",-7,-59.5
"33",-6,-58.5
"33",-5,-57.5
"33",-4,-56.5
"33",-3,-55.5
"33",-2,-54.5
"33",-1,-53.5
"33",0,-52.5
"33",1,-51.5
"33",2,-50.5
"33",3,-49.5
"33",4,-48.5
"33",5,-47.5
"33",6,-46.5
"33",7,-45.5
"33",8,-44.5
"33",9,-43.5
"33",10,-42.5
"33",11,-41.5
"33",12,-40.5
"33",13,-39.5
"33",14,-38.5
"33",14,-37.5
"33",14,-36.5
"33",14,-35.5
"33",14,-34.5
"33",14,-33.5
"33",14,-32.5
"33",14,-31.5
"33",14,-30.5
"33",14,-29.5
"33",13,-28.5
"33",12,-27.5
"33",11,-26.5
"33",10,-25.5
"33",9,-24.5
"33",8,-23.5
"33",7,-22.5
"33",6,-21.5
"33",5,-20.5
"33",4,-19.5
"33",3,-18.5
"33",2,-17.5
"33",1,-16.5
"33",0,-15.5
"33",-1,-14.5
"33",-2,-13.5
"33",-3,-12.5
"33",-4,-11.5
"33",-5,-10.5
"33",-6,-9.5
"33",-7,-8.5
"33",-8,-7.5
"33",-9,-6.5
"33",-10,-5.5
"33",-11,-4.5
"33",-12,-3.5
"33",-13,-2.5
"33",-14,-1.5
"33",-15,-0.5
"33",-16,0.5
"33",-17,1.5
"33",-18,2.5
"33",-18,3.5
"33",-18,4.5
"33",-18,5.5
"33",-18,6.5
"33",-18,7.5
"33",-18,8.5
"33",-19,9.5
"33",-20,10.5
"33",-21,11.5
"33",-22,12.5
"33",-23,13.5
"33",-24,14.5
"33",-25,15.5
"33",-26,16.5
"33",-27,17.5
"33",-28,18.5
"33",-29,19.5
"33",-30,20.5
"33",-31,21.5
"33",-32,22.5
"33",-33,23.5
"33",-34,24.5
"33",-35,25.5
"33",-36,26.5
"33",-36,27.5
"33",-36,28.5
"33",-36,29.5
"33",-36,30.5
"33",-36,31.5
"33",-36,32.5
"33",-35,33.5
"33",-34,34.5
"33",-33,35.5
"33",-32,36.5
"33",-31,37.5
"33",-30,38.5
"33",-29,39.5
"33",-28,40.5
"33",-27,41.5
"33",-26,42.5
"33",-25,43.5
"33",-24,44.5
"33",-23,45.5
"33",-22,46.5
"33",-21,47.5
"33",-20,48.5
"33",-19,49.5
"33",-18,50.5
"33",-17,51.5
"33",-16,52.5
"33",-15,53.5
"33",-14,54.5
"33",-13,55.5
"33",-12,56.5
"33",-11,57.5
"33",-10,57.5
"33",-9,58.5
"33",-8,59.5
"33",-7,59.5
"33",-6,59.5
"33",-5,59.5
"33",-4,59.5
"33",-3,59.5
"33",-2,58.5
"33",-1,57.5
"33",0,56.5
"33",0,55.5
"33",0,54.5
"34",0,-73.5
"34",-1,-72.5
"34",-2,-71.5
"34",-3,-71.5
"34",-4,-70.5
"34",-5,-69.5
"34",-6,-68.5
"34",-7,-67.5
"34",-8,-66.5
"34",-9,-65.5
"34",-9,-64.5
"34",-9,-63.5
"34",-9,-62.5
"34",-8,-61.5
"34",-7,-60.5
"34",-6,-59.5
"34",-5,-58.5
"34",-4,-57.5
"34",-3,-56.5
"34",-2,-55.5
"34",-1,-54.5
"34",0,-53.5
"34",1,-52.5
"34",2,-51.5
"34",3,-50.5
"34",4,-49.5
"34",5,-48.5
"34",6,-47.5
"34",7,-46.5
"34",8,-45.5
"34",9,-44.5
"34",10,-43.5
"34",11,-42.5
"34",12,-41.5
"34",13,-40.5
"34",14,-39.5
"34",14,-38.5
"34",14,-37.5
"34",14,-36.5
"34",14,-35.5
"34",14,-34.5
"34",14,-33.5
"34",14,-32.5
"34",14,-31.5
"34",14,-30.5
"34",14,-29.5
"34",13,-28.5
"34",12,-27.5
"34",11,-26.5
"34",10,-25.5
"34",9,-24.5
"34",8,-23.5
"34",7,-22.5
"34",6,-21.5
"34",5,-20.5
"34",4,-19.5
"34",3,-18.5
"34",2,-17.5
"34",1,-16.5
"34",0,-15.5
"34",-1,-14.5
"34",-2,-13.5
"34",-3,-12.5
"34",-4,-11.5
"34",-5,-10.5
"34",-6,-9.5
"34",-7,-8.5
"34",-8,-7.5
"34",-9,-6.5
"34",-10,-5.5
"34",-11,-4.5
"34",-12,-3.5
"34",-13,-2.5
"34",-14,-1.5
"34",-15,-0.5
"34",-16,0.5
"34",-17,1.5
"34",-18,2.5
"34",-19,3.5
"34",-20,4.5
"34",-21,5.5
"34",-22,6.5
"34",-23,7.5
"34",-24,8.5
"34",-25,9.5
"34",-26,10.5
"34",-27,11.5
"34",-28,12.5
"34",-29,13.5
"34",-30,14.5
"34",-31,15.5
"34",-32,16.5
"34",-33,17.5
"34",-34,18.5
"34",-35,19.5
"34",-36,20.5
"34",-37,21.5
"34",-37,22.5
"34",-37,23.5
"34",-37,24.5
"34",-37,25.5
"34",-37,26.5
"34",-37,27.5
"34",-37,28.5
"34",-37,29.5
"34",-37,30.5
"34",-37,31.5
"34",-37,32.5
"34",-36,33.5
"34",-35,34.5
"34",-34,35.5
"34",-33,36.5
"34",-32,37.5
"34",-31,38.5
"34",-30,39.5
"34",-29,40.5
"34",-28,41.5
"34",-27,42.5
"34",-26,43.5
"34",-25,44.5
"34",-24,45.5
"34",-23,46.5
"34",-22,47.5
"34",-21,48.5
"34",-20,49.5
"34",-19,50.5
"34",-18,51.5
"34",-17,52.5
"34",-16,53.5
"34",-15,54.5
"34",-14,55.5
"34",-13,56.5
"34",-12,57.5
"34",-11,58.5
"34",-10,59.5
"34",-9,59.5
"34",-8,59.5
"34",-7,59.5
"34",-6,59.5
"34",-5,59.5
"34",-4,59.5
"34",-3,59.5
"34",-2,58.5
"34",-1,57.5
"34",0,56.5
"34",0,55.5
"34",0,54.5
"35",0,-73.5
"35",-1,-72.5
"35",-2,-71.5
"35",-3,-71.5
"35",-4,-70.5
"35",-5,-70.5
"35",-6,-70.5
"35",-7,-70.5
"35",-8,-70.5
"35",-9,-70.5
"35",-10,-70.5
"35",-11,-70.5
"35",-12,-70.5
"35",-13,-70.5
"35",-14,-70.5
"35",-15,-70.5
"35",-16,-70.5
"35",-17,-70.5
"35",-18,-70.5
"35",-19,-69.5
"35",-19,-68.5
"35",-19,-67.5
"35",-18,-66.5
"35",-17,-65.5
"35",-16,-64.5
"35",-15,-63.5
"35",-14,-62.5
"35",-13,-61.5
"35",-12,-60.5
"35",-11,-59.5
"35",-10,-58.5
"35",-9,-57.5
"35",-8,-56.5
"35",-7,-55.5
"35",-6,-54.5
"35",-5,-53.5
"35",-4,-52.5
"35",-3,-51.5
"35",-2,-50.5
"35",-1,-49.5
"35",0,-48.5
"35",1,-47.5
"35",2,-46.5
"35",3,-45.5
"35",4,-44.5
"35",5,-43.5
"35",6,-42.5
"35",7,-41.5
"35",8,-40.5
"35",9,-39.5
"35",10,-38.5
"35",11,-37.5
"35",12,-36.5
"35",13,-35.5
"35",14,-34.5
"35",14,-33.5
"35",14,-32.5
"35",14,-31.5
"35",14,-30.5
"35",14,-29.5
"35",14,-28.5
"35",13,-27.5
"35",12,-26.5
"35",11,-25.5
"35",10,-24.5
"35",9,-23.5
"35",8,-22.5
"35",7,-21.5
"35",6,-20.5
"35",5,-19.5
"35",4,-18.5
"35",3,-17.5
"35",2,-16.5
"35",1,-15.5
"35",0,-14.5
"35",-1,-13.5
"35",-2,-12.5
"35",-3,-11.5
"35",-4,-10.5
"35",-5,-9.5
"35",-6,-8.5
"35",-7,-7.5
"35",-8,-6.5
"35",-9,-5.5
"35",-10,-4.5
"35",-11,-3.5
"35",-12,-2.5
"35",-13,-1.5
"35",-14,-0.5
"35",-15,0.5
"35",-16,1.5
"35",-17,2.5
"35",-17,3.5
"35",-17,4.5
"35",-17,5.5
"35",-17,6.5
"35",-17,7.5
"35",-17,8.5
"35",-17,9.5
"35",-17,10.5
"35",-17,11.5
"35",-17,12.5
"35",-18,13.5
"35",-18,14.5
"35",-18,15.5
"35",-18,16.5
"35",-18,17.5
"35",-18,18.5
"35",-18,19.5
"35",-18,20.5
"35",-18,21.5
"35",-18,22.5
"35",-18,23.5
"35",-18,24.5
"35",-18,25.5
"35",-17,26.5
"35",-17,27.5
"35",-17,28.5
"35",-17,29.5
"35",-17,30.5
"35",-17,31.5
"35",-17,32.5
"35",-17,33.5
"35",-17,34.5
"35",-17,35.5
"35",-17,36.5
"35",-17,37.5
"35",-17,38.5
"35",-18,39.5
"35",-19,40.5
"35",-20,41.5
"35",-21,42.5
"35",-21,43.5
"35",-21,44.5
"35",-20,45.5
"35",-19,46.5
"35",-18,47.5
"35",-17,48.5
"35",-16,49.5
"35",-15,50.5
"35",-14,51.5
"35",-13,52.5
"35",-12,53.5
"35",-11,54.5
"35",-10,55.5
"35",-9,56.5
"35",-8,57.5
"35",-7,58.5
"35",-6,59.5
"35",-5,59.5
"35",-4,59.5
"35",-3,59.5
"35",-2,58.5
"35",-1,57.5
"35",-1,56.5
"35",0,55.5
"35",0,54.5
"36",0,-73.5
"36",-1,-72.5
"36",-2,-71.5
"36",-3,-71.5
"36",-4,-70.5
"36",-5,-70.5
"36",-6,-70.5
"36",-7,-70.5
"36",-8,-70.5
"36",-9,-70.5
"36",-10,-70.5
"36",-11,-70.5
"36",-12,-70.5
"36",-13,-70.5
"36",-14,-70.5
"36",-15,-69.5
"36",-16,-68.5
"36",-16,-67.5
"36",-16,-66.5
"36",-15,-65.5
"36",-14,-64.5
"36",-13,-63.5
"36",-12,-62.5
"36",-11,-61.5
"36",-10,-60.5
"36",-9,-59.5
"36",-8,-58.5
"36",-7,-57.5
"36",-6,-56.5
"36",-5,-55.5
"36",-4,-54.5
"36",-3,-53.5
"36",-2,-52.5
"36",-1,-51.5
"36",0,-50.5
"36",1,-49.5
"36",2,-48.5
"36",3,-47.5
"36",4,-46.5
"36",5,-45.5
"36",6,-44.5
"36",7,-43.5
"36",8,-42.5
"36",9,-41.5
"36",10,-40.5
"36",11,-39.5
"36",12,-38.5
"36",13,-37.5
"36",14,-36.5
"36",14,-35.5
"36",14,-34.5
"36",14,-33.5
"36",14,-32.5
"36",14,-31.5
"36",14,-30.5
"36",14,-29.5
"36",13,-28.5
"36",12,-27.5
"36",11,-26.5
"36",10,-25.5
"36",9,-24.5
"36",8,-23.5
"36",7,-22.5
"36",6,-21.5
"36",5,-20.5
"36",4,-19.5
"36",3,-18.5
"36",2,-17.5
"36",1,-16.5
"36",0,-15.5
"36",-1,-14.5
"36",-2,-13.5
"36",-3,-12.5
"36",-4,-11.5
"36",-5,-10.5
"36",-6,-9.5
"36",-7,-8.5
"36",-8,-7.5
"36",-9,-6.5
"36",-10,-5.5
"36",-11,-4.5
"36",-12,-3.5
"36",-13,-2.5
"36",-14,-1.5
"36",-15,-0.5
"36",-16,0.5
"36",-17,1.5
"36",-18,2.5
"36",-19,3.5
"36",-20,4.5
"36",-21,5.5
"36",-21,6.5
"36",-21,7.5
"36",-21,8.5
"36",-21,9.5
"36",-21,10.5
"36",-21,11.5
"36",-22,12.5
"36",-23,13.5
"36",-24,14.5
"36",-25,15.5
"36",-26,16.5
"36",-27,17.5
"36",-28,18.5
"36",-29,19.5
"36",-30,20.5
"36",-31,21.5
"36",-32,22.5
"36",-33,23.5
"36",-34,24.5
"36",-35,25.5
"36",-36,26.5
"36",-37,27.5
"36",-38,28.5
"36",-39,29.5
"36",-39,30.5
"36",-39,31.5
"36",-39,32.5
"36",-38,33.5
"36",-37,34.5
"36",-36,35.5
"36",-35,36.5
"36",-34,37.5
"36",-33,38.5
"36",-32,39.5
"36",-31,40.5
"36",-30,41.5
"36",-29,42.5
"36",-28,43.5
"36",-27,44.5
"36",-26,45.5
"36",-25,46.5
"36",-24,47.5
"36",-23,48.5
"36",-22,49.5
"36",-21,50.5
"36",-20,51.5
"36",-19,52.5
"36",-18,53.5
"36",-17,54.5
"36",-16,55.5
"36",-15,55.5
"36",-14,55.5
"36",-13,55.5
"36",-12,55.5
"36",-11,55.5
"36",-10,55.5
"36",-9,56.5
"36",-8,57.5
"36",-7,58.5
"36",-6,59.5
"36",-5,59.5
"36",-4,59.5
"36",-3,59.5
"36",-2,58.5
"36",-1,57.5
"36",0,56.5
"36",0,55.5
"36",0,54.5
"37",0,-73.5
"37",-1,-72.5
"37",-2,-71.5
"37",-3,-71.5
"37",-4,-70.5
"37",-5,-70.5
"37",-6,-70.5
"37",-7,-70.5
"37",-8,-69.5
"37",-9,-68.5
"37",-10,-67.5
"37",-11,-66.5
"37",-11,-65.5
"37",-11,-64.5
"37",-11,-63.5
"37",-10,-62.5
"37",-9,-61.5
"37",-8,-60.5
"37",-7,-59.5
"37",-6,-58.5
"37",-5,-57.5
"37",-4,-56.5
"37",-3,-55.5
"37",-2,-54.5
"37",-1,-53.5
"37",0,-52.5
"37",1,-51.5
"37",2,-50.5
"37",3,-49.5
"37",4,-48.5
"37",5,-47.5
"37",6,-46.5
"37",7,-45.5
"37",8,-44.5
"37",9,-43.5
"37",10,-42.5
"37",11,-41.5
"37",12,-40.5
"37",13,-39.5
"37",14,-38.5
"37",15,-37.5
"37",15,-36.5
"37",15,-35.5
"37",15,-34.5
"37",15,-33.5
"37",15,-32.5
"37",15,-31.5
"37",15,-30.5
"37",14,-29.5
"37",13,-28.5
"37",12,-27.5
"37",11,-26.5
"37",10,-25.5
"37",9,-24.5
"37",8,-23.5
"37",7,-22.5
"37",6,-21.5
"37",5,-20.5
"37",4,-19.5
"37",3,-18.5
"37",2,-17.5
"37",1,-16.5
"37",0,-15.5
"37",-1,-14.5
"37",-2,-13.5
"37",-3,-12.5
"37",-4,-11.5
"37",-5,-10.5
"37",-6,-9.5
"37",-7,-8.5
"37",-8,-7.5
"37",-9,-6.5
"37",-10,-5.5
"37",-11,-4.5
"37",-12,-3.5
"37",-13,-2.5
"37",-14,-1.5
"37",-15,-0.5
"37",-16,0.5
"37",-17,1.5
"37",-18,2.5
"37",-19,3.5
"37",-20,4.5
"37",-21,5.5
"37",-22,6.5
"37",-22,7.5
"37",-22,8.5
"37",-23,9.5
"37",-24,10.5
"37",-25,11.5
"37",-26,12.5
"37",-27,13.5
"37",-28,14.5
"37",-29,15.5
"37",-30,16.5
"37",-31,17.5
"37",-32,18.5
"37",-33,19.5
"37",-34,20.5
"37",-35,21.5
"37",-36,22.5
"37",-37,23.5
"37",-38,24.5
"37",-39,25.5
"37",-39,26.5
"37",-39,27.5
"37",-39,28.5
"37",-39,29.5
"37",-39,30.5
"37",-39,31.5
"37",-39,32.5
"37",-38,33.5
"37",-37,34.5
"37",-36,35.5
"37",-35,36.5
"37",-34,37.5
"37",-33,38.5
"37",-32,39.5
"37",-31,40.5
"37",-30,41.5
"37",-29,42.5
"37",-28,43.5
"37",-27,44.5
"37",-26,45.5
"37",-25,46.5
"37",-24,47.5
"37",-23,48.5
"37",-22,49.5
"37",-21,50.5
"37",-20,51.5
"37",-19,52.5
"37",-18,53.5
"37",-17,54.5
"37",-16,55.5
"37",-15,56.5
"37",-14,56.5
"37",-13,56.5
"37",-12,56.5
"37",-11,56.5
"37",-10,56.5
"37",-9,56.5
"37",-8,57.5
"37",-7,58.5
"37",-6,59.5
"37",-5,59.5
"37",-4,59.5
"37",-3,59.5
"37",-2,58.5
"37",-1,57.5
"37",0,56.5
"37",0,55.5
"37",0,54.5
"38",0,-73.5
"38",-1,-73.5
"38",-2,-73.5
"38",-3,-73.5
"38",-4,-72.5
"38",-5,-72.5
"38",-6,-71.5
"38",-7,-70.5
"38",-8,-69.5
"38",-9,-68.5
"38",-10,-67.5
"38",-11,-66.5
"38",-12,-65.5
"38",-12,-64.5
"38",-12,-63.5
"38",-11,-62.5
"38",-10,-61.5
"38",-9,-60.5
"38",-8,-59.5
"38",-7,-58.5
"38",-6,-57.5
"38",-5,-56.5
"38",-4,-55.5
"38",-3,-54.5
"38",-2,-53.5
"38",-1,-52.5
"38",0,-51.5
"38",1,-50.5
"38",2,-49.5
"38",3,-48.5
"38",4,-47.5
"38",5,-46.5
"38",6,-45.5
"38",7,-44.5
"38",8,-43.5
"38",9,-42.5
"38",10,-41.5
"38",11,-40.5
"38",12,-39.5
"38",13,-38.5
"38",14,-37.5
"38",14,-36.5
"38",14,-35.5
"38",14,-34.5
"38",14,-33.5
"38",14,-32.5
"38",14,-31.5
"38",14,-30.5
"38",14,-29.5
"38",13,-28.5
"38",12,-27.5
"38",11,-26.5
"38",10,-25.5
"38",9,-24.5
"38",8,-23.5
"38",7,-22.5
"38",6,-21.5
"38",5,-20.5
"38",4,-19.5
"38",3,-18.5
"38",2,-17.5
"38",1,-16.5
"38",0,-15.5
"38",-1,-14.5
"38",-2,-13.5
"38",-3,-12.5
"38",-4,-11.5
"38",-5,-10.5
"38",-6,-9.5
"38",-7,-8.5
"38",-8,-7.5
"38",-9,-6.5
"38",-10,-5.5
"38",-11,-4.5
"38",-12,-3.5
"38",-13,-2.5
"38",-14,-1.5
"38",-15,-0.5
"38",-16,0.5
"38",-17,1.5
"38",-18,2.5
"38",-19,3.5
"38",-20,4.5
"38",-21,5.5
"38",-22,6.5
"38",-23,7.5
"38",-24,8.5
"38",-25,9.5
"38",-26,10.5
"38",-27,11.5
"38",-28,12.5
"38",-29,13.5
"38",-30,14.5
"38",-31,15.5
"38",-32,16.5
"38",-33,17.5
"38",-34,18.5
"38",-35,19.5
"38",-36,20.5
"38",-37,21.5
"38",-38,22.5
"38",-39,23.5
"38",-39,24.5
"38",-39,25.5
"38",-39,26.5
"38",-39,27.5
"38",-39,28.5
"38",-39,29.5
"38",-39,30.5
"38",-39,31.5
"38",-39,32.5
"38",-38,33.5
"38",-37,34.5
"38",-36,35.5
"38",-35,36.5
"38",-34,37.5
"38",-33,38.5
"38",-32,39.5
"38",-31,40.5
"38",-30,41.5
"38",-29,42.5
"38",-28,43.5
"38",-27,44.5
"38",-26,45.5
"38",-25,46.5
"38",-24,47.5
"38",-23,48.5
"38",-22,49.5
"38",-21,50.5
"38",-20,51.5
"38",-19,52.5
"38",-18,53.5
"38",-17,54.5
"38",-16,55.5
"38",-15,56.5
"38",-14,57.5
"38",-13,58.5
"38",-12,59.5
"38",-11,59.5
"38",-10,59.5
"38",-9,59.5
"38",-8,59.5
"38",-7,59.5
"38",-6,59.5
"38",-5,59.5
"38",-4,59.5
"38",-3,59.5
"38",-2,58.5
"38",-1,57.5
"38",0,56.5
"38",0,55.5
"38",0,54.5
"39",0,-73.5
"39",-1,-72.5
"39",-2,-71.5
"39",-3,-71.5
"39",-4,-70.5
"39",-5,-70.5
"39",-6,-70.5
"39",-7,-70.5
"39",-8,-70.5
"39",-9,-70.5
"39",-10,-70.5
"39",-11,-70.5
"39",-12,-70.5
"39",-13,-70.5
"39",-14,-70.5
"39",-15,-69.5
"39",-16,-68.5
"39",-16,-67.5
"39",-16,-66.5
"39",-15,-65.5
"39",-14,-64.5
"39",-13,-63.5
"39",-12,-62.5
"39",-11,-61.5
"39",-10,-60.5
"39",-9,-59.5
"39",-8,-58.5
"39",-7,-57.5
"39",-6,-56.5
"39",-5,-55.5
"39",-4,-54.5
"39",-3,-53.5
"39",-2,-52.5
"39",-1,-51.5
"39",0,-50.5
"39",1,-49.5
"39",2,-48.5
"39",3,-47.5
"39",4,-46.5
"39",5,-45.5
"39",6,-44.5
"39",7,-43.5
"39",8,-42.5
"39",9,-41.5
"39",10,-40.5
"39",11,-39.5
"39",12,-38.5
"39",13,-37.5
"39",14,-36.5
"39",15,-35.5
"39",15,-34.5
"39",15,-33.5
"39",15,-32.5
"39",15,-31.5
"39",15,-30.5
"39",14,-29.5
"39",13,-28.5
"39",12,-27.5
"39",11,-26.5
"39",10,-25.5
"39",9,-24.5
"39",8,-23.5
"39",7,-22.5
"39",6,-21.5
"39",5,-20.5
"39",4,-19.5
"39",3,-18.5
"39",2,-17.5
"39",1,-16.5
"39",0,-15.5
"39",-1,-14.5
"39",-2,-13.5
"39",-3,-12.5
"39",-4,-11.5
"39",-5,-10.5
"39",-6,-9.5
"39",-7,-8.5
"39",-8,-7.5
"39",-9,-6.5
"39",-10,-5.5
"39",-11,-4.5
"39",-12,-3.5
"39",-13,-2.5
"39",-14,-1.5
"39",-15,-0.5
"39",-16,0.5
"39",-17,1.5
"39",-18,2.5
"39",-19,3.5
"39",-20,4.5
"39",-21,5.5
"39",-22,6.5
"39",-23,7.5
"39",-24,8.5
"39",-25,9.5
"39",-26,10.5
"39",-27,11.5
"39",-28,12.5
"39",-29,13.5
"39",-30,14.5
"39",-31,15.5
"39",-32,16.5
"39",-33,17.5
"39",-34,18.5
"39",-35,19.5
"39",-36,20.5
"39",-37,21.5
"39",-38,22.5
"39",-39,23.5
"39",-40,24.5
"39",-41,25.5
"39",-42,26.5
"39",-42,27.5
"39",-42,28.5
"39",-42,29.5
"39",-42,30.5
"39",-42,31.5
"39",-42,32.5
"39",-41,33.5
"39",-40,34.5
"39",-39,35.5
"39",-38,36.5
"39",-37,37.5
"39",-36,38.5
"39",-35,39.5
"39",-34,40.5
"39",-33,41.5
"39",-32,42.5
"39",-31,43.5
"39",-30,44.5
"39",-29,45.5
"39",-28,46.5
"39",-27,47.5
"39",-26,48.5
"39",-25,49.5
"39",-24,50.5
"39",-23,51.5
"39",-22,52.5
"39",-21,53.5
"39",-20,54.5
"39",-19,55.5
"39",-18,55.5
"39",-17,55.5
"39",-16,55.5
"39",-15,55.5
"39",-14,55.5
"39",-13,55.5
"39",-12,55.5
"39",-11,55.5
"39",-10,55.5
"39",-9,56.5
"39",-8,57.5
"39",-7,58.5
"39",-6,59.5
"39",-5,59.5
"39",-4,59.5
"39",-3,59.5
"39",-2,58.5
"39",-1,57.5
"39",0,56.5
"39",0,55.5
"39",0,54.5
"40",0,-73.5
"40",-1,-72.5
"40",-2,-71.5
"40",-3,-71.5
"40",-4,-70.5
"40",-5,-70.5
"40",-6,-70.5
"40",-7,-70.5
"40",-8,-70.5
"40",-9,-70.5
"40",-10,-70.5
"40",-11,-70.5
"40",-12,-69.5
"40",-13,-68.5
"40",-14,-67.5
"40",-14,-66.5
"40",-14,-65.5
"40",-14,-64.5
"40",-13,-63.5
"40",-12,-62.5
"40",-11,-61.5
"40",-10,-60.5
"40",-9,-59.5
"40",-8,-58.5
"40",-7,-57.5
"40",-6,-56.5
"40",-5,-55.5
"40",-4,-54.5
"40",-3,-53.5
"40",-2,-52.5
"40",-1,-51.5
"40",0,-50.5
"40",1,-49.5
"40",2,-48.5
"40",3,-47.5
"40",4,-46.5
"40",5,-45.5
"40",6,-44.5
"40",7,-43.5
"40",8,-42.5
"40",9,-41.5
"40",10,-40.5
"40",11,-39.5
"40",12,-38.5
"40",13,-37.5
"40",14,-36.5
"40",14,-35.5
"40",14,-34.5
"40",14,-33.5
"40",14,-32.5
"40",14,-31.5
"40",14,-30.5
"40",14,-29.5
"40",13,-28.5
"40",12,-27.5
"40",11,-26.5
"40",10,-25.5
"40",9,-24.5
"40",8,-23.5
"40",7,-22.5
"40",6,-21.5
"40",5,-20.5
"40",4,-19.5
"40",3,-18.5
"40",2,-17.5
"40",1,-16.5
"40",0,-15.5
"40",-1,-14.5
"40",-2,-13.5
"40",-3,-12.5
"40",-4,-11.5
"40",-5,-10.5
"40",-6,-9.5
"40",-7,-8.5
"40",-8,-7.5
"40",-9,-6.5
"40",-10,-5.5
"40",-11,-4.5
"40",-12,-3.5
"40",-13,-2.5
"40",-14,-1.5
"40",-15,-0.5
"40",-16,0.5
"40",-17,1.5
"40",-18,2.5
"40",-19,3.5
"40",-20,4.5
"40",-21,5.5
"40",-22,6.5
"40",-23,7.5
"40",-24,8.5
"40",-25,9.5
"40",-26,10.5
"40",-27,11.5
"40",-28,12.5
"40",-29,13.5
"40",-30,14.5
"40",-31,15.5
"40",-32,16.5
"40",-33,17.5
"40",-34,18.5
"40",-35,19.5
"40",-36,20.5
"40",-37,21.5
"40",-38,22.5
"40",-39,23.5
"40",-40,24.5
"40",-41,25.5
"40",-41,26.5
"40",-41,27.5
"40",-41,28.5
"40",-41,29.5
"40",-41,30.5
"40",-41,31.5
"40",-41,32.5
"40",-40,33.5
"40",-39,34.5
"40",-38,35.5
"40",-37,36.5
"40",-36,37.5
"40",-35,38.5
"40",-34,39.5
"40",-33,40.5
"40",-32,41.5
"40",-31,42.5
"40",-30,43.5
"40",-29,44.5
"40",-28,45.5
"40",-27,46.5
"40",-26,47.5
"40",-25,48.5
"40",-24,49.5
"40",-23,50.5
"40",-22,51.5
"40",-21,52.5
"40",-20,53.5
"40",-19,54.5
"40",-18,55.5
"40",-17,56.5
"40",-16,56.5
"40",-15,56.5
"40",-14,56.5
"40",-13,56.5
"40",-12,56.5
"40",-11,56.5
"40",-10,56.5
"40",-9,57.5
"40",-8,58.5
"40",-7,59.5
"40",-6,59.5
"40",-5,59.5
"40",-4,59.5
"40",-3,59.5
"40",-2,58.5
"40",-1,57.5
"40",0,56.5
"40",0,55.5
"40",0,54.5
"41",0,-73.5
"41",-1,-73.5
"41",-2,-73.5
"41",-3,-73.5
"41",-4,-72.5
"41",-5,-72.5
"41",-6,-71.5
"41",-7,-70.5
"41",-8,-69.5
"41",-9,-68.5
"41",-10,-67.5
"41",-11,-66.5
"41",-12,-65.5
"41",-12,-64.5
"41",-12,-63.5
"41",-11,-62.5
"41",-10,-61.5
"41",-9,-60.5
"41",-8,-59.5
"41",-7,-58.5
"41",-6,-57.5
"41",-5,-56.5
"41",-4,-55.5
"41",-3,-54.5
"41",-2,-53.5
"41",-1,-52.5
"41",0,-51.5
"41",1,-50.5
"41",2,-49.5
"41",3,-48.5
"41",4,-47.5
"41",5,-46.5
"41",6,-45.5
"41",7,-44.5
"41",8,-43.5
"41",9,-42.5
"41",10,-41.5
"41",11,-40.5
"41",12,-39.5
"41",13,-38.5
"41",14,-37.5
"41",14,-36.5
"41",14,-35.5
"41",14,-34.5
"41",14,-33.5
"41",14,-32.5
"41",14,-31.5
"41",14,-30.5
"41",13,-29.5
"41",12,-28.5
"41",11,-27.5
"41",10,-26.5
"41",9,-25.5
"41",8,-24.5
"41",7,-23.5
"41",6,-22.5
"41",5,-21.5
"41",4,-20.5
"41",3,-19.5
"41",2,-18.5
"41",1,-17.5
"41",0,-16.5
"41",-1,-15.5
"41",-2,-14.5
"41",-3,-13.5
"41",-4,-12.5
"41",-5,-11.5
"41",-6,-10.5
"41",-7,-9.5
"41",-8,-8.5
"41",-9,-7.5
"41",-10,-6.5
"41",-11,-5.5
"41",-12,-4.5
"41",-13,-3.5
"41",-14,-2.5
"41",-15,-1.5
"41",-16,-0.5
"41",-17,0.5
"41",-18,1.5
"41",-19,2.5
"41",-20,3.5
"41",-21,4.5
"41",-22,5.5
"41",-23,6.5
"41",-24,7.5
"41",-25,8.5
"41",-26,9.5
"41",-27,10.5
"41",-28,11.5
"41",-29,12.5
"41",-30,13.5
"41",-31,14.5
"41",-32,15.5
"41",-33,16.5
"41",-34,17.5
"41",-35,18.5
"41",-36,19.5
"41",-37,20.5
"41",-38,21.5
"41",-39,22.5
"41",-40,23.5
"41",-40,24.5
"41",-40,25.5
"41",-40,26.5
"41",-40,27.5
"41",-40,28.5
"41",-40,29.5
"41",-40,30.5
"41",-40,31.5
"41",-40,32.5
"41",-39,33.5
"41",-38,34.5
"41",-37,35.5
"41",-36,36.5
"41",-35,37.5
"41",-34,38.5
"41",-33,39.5
"41",-32,40.5
"41",-31,41.5
"41",-30,42.5
"41",-29,43.5
"41",-28,44.5
"41",-27,45.5
"41",-26,46.5
"41",-25,47.5
"41",-24,48.5
"41",-23,49.5
"41",-22,50.5
"41",-21,51.5
"41",-20,52.5
"41",-19,53.5
"41",-18,54.5
"41",-17,55.5
"41",-16,56.5
"41",-15,57.5
"41",-14,58.5
"41",-13,58.5
"41",-12,59.5
"41",-11,59.5
"41",-10,59.5
"41",-9,59.5
"41",-8,59.5
"41",-7,59.5
"41",-6,59.5
"41",-5,59.5
"41",-4,59.5
"41",-3,59.5
"41",-2,58.5
"41",-1,57.5
"41",0,56.5
"41",0,55.5
"41",0,54.5
"42",0,-73.5
"42",-1,-72.5
"42",-2,-71.5
"42",-3,-71.5
"42",-4,-70.5
"42",-5,-70.5
"42",-6,-70.5
"42",-7,-70.5
"42",-8,-70.5
"42",-9,-70.5
"42",-10,-70.5
"42",-11,-70.5
"42",-12,-70.5
"42",-13,-70.5
"42",-14,-70.5
"42",-15,-69.5
"42",-16,-68.5
"42",-16,-67.5
"42",-16,-66.5
"42",-16,-65.5
"42",-15,-64.5
"42",-14,-63.5
"42",-13,-62.5
"42",-12,-61.5
"42",-11,-60.5
"42",-10,-59.5
"42",-9,-58.5
"42",-8,-57.5
"42",-7,-56.5
"42",-6,-55.5
"42",-5,-54.5
"42",-4,-53.5
"42",-3,-52.5
"42",-2,-51.5
"42",-1,-50.5
"42",0,-49.5
"42",1,-48.5
"42",2,-47.5
"42",3,-46.5
"42",4,-45.5
"42",5,-44.5
"42",6,-43.5
"42",7,-42.5
"42",8,-41.5
"42",9,-40.5
"42",10,-39.5
"42",11,-38.5
"42",12,-37.5
"42",13,-36.5
"42",14,-35.5
"42",14,-34.5
"42",14,-33.5
"42",14,-32.5
"42",14,-31.5
"42",14,-30.5
"42",14,-29.5
"42",13,-28.5
"42",12,-27.5
"42",11,-26.5
"42",10,-25.5
"42",9,-24.5
"42",8,-23.5
"42",7,-22.5
"42",6,-21.5
"42",5,-20.5
"42",4,-19.5
"42",3,-18.5
"42",2,-17.5
"42",1,-16.5
"42",0,-15.5
"42",-1,-14.5
"42",-2,-13.5
"42",-3,-12.5
"42",-4,-11.5
"42",-5,-10.5
"42",-6,-9.5
"42",-7,-8.5
"42",-8,-7.5
"42",-9,-6.5
"42",-10,-5.5
"42",-11,-4.5
"42",-12,-3.5
"42",-13,-2.5
"42",-14,-1.5
"42",-15,-0.5
"42",-16,0.5
"42",-17,1.5
"42",-18,2.5
"42",-19,3.5
"42",-20,4.5
"42",-21,5.5
"42",-22,6.5
"42",-23,7.5
"42",-24,8.5
"42",-25,9.5
"42",-26,10.5
"42",-27,11.5
"42",-28,12.5
"42",-29,13.5
"42",-30,14.5
"42",-31,15.5
"42",-32,16.5
"42",-33,17.5
"42",-34,18.5
"42",-35,19.5
"42",-36,20.5
"42",-37,21.5
"42",-38,22.5
"42",-39,23.5
"42",-40,24.5
"42",-41,25.5
"42",-42,26.5
"42",-42,27.5
"42",-42,28.5
"42",-42,29.5
"42",-42,30.5
"42",-42,31.5
"42",-42,32.5
"42",-41,33.5
"42",-40,34.5
"42",-39,35.5
"42",-38,36.5
"42",-37,37.5
"42",-36,38.5
"42",-35,39.5
"42",-34,40.5
"42",-33,41.5
"42",-32,42.5
"42",-31,43.5
"42",-30,44.5
"42",-29,45.5
"42",-28,46.5
"42",-27,47.5
"42",-26,48.5
"42",-25,49.5
"42",-24,50.5
"42",-23,51.5
"42",-22,52.5
"42",-21,53.5
"42",-20,54.5
"42",-19,55.5
"42",-18,55.5
"42",-17,56.5
"42",-16,56.5
"42",-15,56.5
"42",-14,56.5
"42",-13,56.5
"42",-12,56.5
"42",-11,56.5
"42",-10,56.5
"42",-9,57.5
"42",-8,58.5
"42",-7,59.5
"42",-6,59.5
"42",-5,59.5
"42",-4,59.5
"42",-3,59.5
"42",-2,58.5
"42",-1,57.5
"42",0,56.5
"42",0,55.5
"42",0,54.5
"43",0,-73.5
"43",-1,-72.5
"43",-2,-71.5
"43",-3,-71.5
"43",-4,-70.5
"43",-5,-70.5
"43",-6,-70.5
"43",-7,-70.5
"43",-8,-70.5
"43",-9,-70.5
"43",-10,-70.5
"43",-11,-69.5
"43",-12,-68.5
"43",-13,-67.5
"43",-14,-66.5
"43",-14,-65.5
"43",-14,-64.5
"43",-13,-63.5
"43",-12,-62.5
"43",-11,-61.5
"43",-10,-60.5
"43",-9,-59.5
"43",-8,-58.5
"43",-7,-57.5
"43",-6,-56.5
"43",-5,-55.5
"43",-4,-54.5
"43",-3,-53.5
"43",-2,-52.5
"43",-1,-51.5
"43",0,-50.5
"43",1,-49.5
"43",2,-48.5
"43",3,-47.5
"43",4,-46.5
"43",5,-45.5
"43",6,-44.5
"43",7,-43.5
"43",8,-42.5
"43",9,-41.5
"43",10,-40.5
"43",11,-39.5
"43",12,-38.5
"43",13,-37.5
"43",14,-36.5
"43",14,-35.5
"43",14,-34.5
"43",14,-33.5
"43",14,-32.5
"43",14,-31.5
"43",14,-30.5
"43",13,-29.5
"43",12,-28.5
"43",11,-27.5
"43",10,-26.5
"43",9,-25.5
"43",8,-24.5
"43",7,-23.5
"43",6,-22.5
"43",5,-21.5
"43",4,-20.5
"43",3,-19.5
"43",2,-18.5
"43",1,-17.5
"43",0,-16.5
"43",-1,-15.5
"43",-2,-14.5
"43",-3,-13.5
"43",-4,-12.5
"43",-5,-11.5
"43",-6,-10.5
"43",-7,-9.5
"43",-8,-8.5
"43",-9,-7.5
"43",-10,-6.5
"43",-11,-5.5
"43",-12,-4.5
"43",-13,-3.5
"43",-14,-2.5
"43",-15,-1.5
"43",-16,-0.5
"43",-17,0.5
"43",-18,1.5
"43",-19,2.5
"43",-20,3.5
"43",-21,4.5
"43",-22,5.5
"43",-23,6.5
"43",-24,7.5
"43",-25,8.5
"43",-26,9.5
"43",-27,10.5
"43",-28,11.5
"43",-29,12.5
"43",-30,13.5
"43",-31,14.5
"43",-32,15.5
"43",-33,16.5
"43",-34,17.5
"43",-35,18.5
"43",-36,19.5
"43",-37,20.5
"43",-38,21.5
"43",-39,22.5
"43",-40,23.5
"43",-41,24.5
"43",-42,25.5
"43",-42,26.5
"43",-42,27.5
"43",-42,28.5
"43",-42,29.5
"43",-42,30.5
"43",-42,31.5
"43",-42,32.5
"43",-41,33.5
"43",-40,34.5
"43",-39,35.5
"43",-38,36.5
"43",-37,37.5
"43",-36,38.5
"43",-35,39.5
"43",-34,40.5
"43",-33,41.5
"43",-32,42.5
"43",-31,43.5
"43",-30,44.5
"43",-29,45.5
"43",-28,46.5
"43",-27,47.5
"43",-26,48.5
"43",-25,49.5
"43",-24,50.5
"43",-23,51.5
"43",-22,52.5
"43",-21,53.5
"43",-20,54.5
"43",-19,55.5
"43",-18,56.5
"43",-17,57.5
"43",-16,57.5
"43",-15,57.5
"43",-14,57.5
"43",-13,57.5
"43",-12,58.5
"43",-11,58.5
"43",-10,58.5
"43",-9,58.5
"43",-8,59.5
"43",-7,59.5
"43",-6,59.5
"43",-5,59.5
"43",-4,59.5
"43",-3,59.5
"43",-2,58.5
"43",-1,57.5
"43",0,56.5
"43",0,55.5
"43",0,54.5
"44",0,-73.5
"44",-1,-73.5
"44",-2,-73.5
"44",-3,-73.5
"44",-4,-72.5
"44",-5,-72.5
"44",-6,-71.5
"44",-7,-70.5
"44",-8,-69.5
"44",-9,-68.5
"44",-10,-67.5
"44",-11,-66.5
"44",-11,-65.5
"44",-11,-64.5
"44",-11,-63.5
"44",-10,-62.5
"44",-9,-61.5
"44",-8,-60.5
"44",-7,-59.5
"44",-6,-58.5
"44",-5,-57.5
"44",-4,-56.5
"44",-3,-55.5
"44",-2,-54.5
"44",-1,-53.5
"44",0,-52.5
"44",1,-51.5
"44",2,-50.5
"44",3,-49.5
"44",4,-48.5
"44",5,-47.5
"44",6,-46.5
"44",7,-45.5
"44",8,-44.5
"44",9,-43.5
"44",10,-42.5
"44",11,-41.5
"44",12,-40.5
"44",13,-39.5
"44",14,-38.5
"44",15,-37.5
"44",15,-36.5
"44",15,-35.5
"44",15,-34.5
"44",15,-33.5
"44",15,-32.5
"44",15,-31.5
"44",14,-30.5
"44",13,-29.5
"44",12,-28.5
"44",11,-27.5
"44",10,-26.5
"44",9,-25.5
"44",8,-24.5
"44",7,-23.5
"44",6,-22.5
"44",5,-21.5
"44",4,-20.5
"44",3,-19.5
"44",2,-18.5
"44",1,-17.5
"44",0,-16.5
"44",-1,-15.5
"44",-2,-14.5
"44",-3,-13.5
"44",-4,-12.5
"44",-5,-11.5
"44",-6,-10.5
"44",-7,-9.5
"44",-8,-8.5
"44",-9,-7.5
"44",-10,-6.5
"44",-11,-5.5
"44",-12,-4.5
"44",-13,-3.5
"44",-14,-2.5
"44",-15,-1.5
"44",-16,-0.5
"44",-17,0.5
"44",-18,1.5
"44",-19,2.5
"44",-20,3.5
"44",-21,4.5
"44",-22,5.5
"44",-23,6.5
"44",-24,7.5
"44",-25,8.5
"44",-26,9.5
"44",-27,10.5
"44",-28,11.5
"44",-29,12.5
"44",-30,13.5
"44",-31,14.5
"44",-32,15.5
"44",-33,16.5
"44",-34,17.5
"44",-35,18.5
"44",-36,19.5
"44",-37,20.5
"44",-38,21.5
"44",-39,22.5
"44",-40,23.5
"44",-41,24.5
"44",-42,25.5
"44",-42,26.5
"44",-42,27.5
"44",-42,28.5
"44",-42,29.5
"44",-42,30.5
"44",-42,31.5
"44",-41,32.5
"44",-40,33.5
"44",-39,34.5
"44",-38,35.5
"44",-37,36.5
"44",-36,37.5
"44",-35,38.5
"44",-34,39.5
"44",-33,40.5
"44",-32,41.5
"44",-31,42.5
"44",-30,43.5
"44",-29,44.5
"44",-28,45.5
"44",-27,46.5
"44",-26,47.5
"44",-25,48.5
"44",-24,49.5
"44",-23,50.5
"44",-22,51.5
"44",-21,52.5
"44",-20,53.5
"44",-19,54.5
"44",-18,55.5
"44",-17,56.5
"44",-16,57.5
"44",-15,58.5
"44",-14,58.5
"44",-13,58.5
"44",-12,58.5
"44",-11,58.5
"44",-10,58.5
"44",-9,58.5
"44",-8,59.5
"44",-7,59.5
"44",-6,59.5
"44",-5,59.5
"44",-4,59.5
"44",-3,59.5
"44",-2,58.5
"44",-1,57.5
"44",0,56.5
"44",0,55.5
"44",0,54.5
"45",0,-73.5
"45",-1,-72.5
"45",-2,-71.5
"45",-3,-71.5
"45",-4,-70.5
"45",-5,-70.5
"45",-6,-70.5
"45",-7,-70.5
"45",-8,-70.5
"45",-9,-70.5
"45",-10,-70.5
"45",-11,-70.5
"45",-12,-69.5
"45",-13,-68.5
"45",-14,-67.5
"45",-14,-66.5
"45",-14,-65.5
"45",-14,-64.5
"45",-13,-63.5
"45",-12,-62.5
"45",-11,-61.5
"45",-10,-60.5
"45",-9,-59.5
"45",-8,-58.5
"45",-7,-57.5
"45",-6,-56.5
"45",-5,-55.5
"45",-4,-54.5
"45",-3,-53.5
"45",-2,-52.5
"45",-1,-51.5
"45",0,-50.5
"45",1,-49.5
"45",2,-48.5
"45",3,-47.5
"45",4,-46.5
"45",5,-45.5
"45",6,-44.5
"45",7,-43.5
"45",8,-42.5
"45",9,-41.5
"45",10,-40.5
"45",11,-39.5
"45",12,-38.5
"45",13,-37.5
"45",14,-36.5
"45",14,-35.5
"45",14,-34.5
"45",14,-33.5
"45",14,-32.5
"45",14,-31.5
"45",14,-30.5
"45",14,-29.5
"45",13,-28.5
"45",12,-27.5
"45",11,-26.5
"45",10,-25.5
"45",9,-24.5
"45",8,-23.5
"45",7,-22.5
"45",6,-21.5
"45",5,-20.5
"45",4,-19.5
"45",3,-18.5
"45",2,-17.5
"45",1,-16.5
"45",0,-15.5
"45",-1,-14.5
"45",-2,-13.5
"45",-3,-12.5
"45",-4,-11.5
"45",-5,-10.5
"45",-6,-9.5
"45",-7,-8.5
"45",-8,-8.5
"45",-9,-7.5
"45",-10,-6.5
"45",-11,-5.5
"45",-12,-4.5
"45",-13,-3.5
"45",-14,-2.5
"45",-15,-1.5
"45",-16,-0.5
"45",-17,0.5
"45",-18,1.5
"45",-19,2.5
"45",-20,3.5
"45",-21,4.5
"45",-22,5.5
"45",-23,6.5
"45",-24,7.5
"45",-25,8.5
"45",-26,9.5
"45",-27,10.5
"45",-28,11.5
"45",-29,12.5
"45",-30,13.5
"45",-31,14.5
"45",-32,15.5
"45",-33,16.5
"45",-34,17.5
"45",-35,18.5
"45",-36,19.5
"45",-37,20.5
"45",-38,21.5
"45",-39,22.5
"45",-40,23.5
"45",-41,24.5
"45",-42,25.5
"45",-43,26.5
"45",-43,27.5
"45",-43,28.5
"45",-43,29.5
"45",-43,30.5
"45",-43,31.5
"45",-43,32.5
"45",-42,33.5
"45",-41,34.5
"45",-40,35.5
"45",-39,36.5
"45",-38,37.5
"45",-37,38.5
"45",-36,39.5
"45",-35,40.5
"45",-34,41.5
"45",-33,42.5
"45",-32,43.5
"45",-31,44.5
"45",-30,45.5
"45",-29,46.5
"45",-28,47.5
"45",-27,48.5
"45",-26,49.5
"45",-25,50.5
"45",-24,51.5
"45",-23,52.5
"45",-22,53.5
"45",-21,54.5
"45",-20,55.5
"45",-19,56.5
"45",-18,56.5
"45",-17,57.5
"45",-16,57.5
"45",-15,57.5
"45",-14,57.5
"45",-13,57.5
"45",-12,57.5
"45",-11,57.5
"45",-10,57.5
"45",-9,58.5
"45",-8,59.5
"45",-7,59.5
"45",-6,59.5
"45",-5,59.5
"45",-4,59.5
"45",-3,59.5
"45",-2,58.5
"45",-1,57.5
"45",0,56.5
"45",0,55.5
"45",0,54.5
"46",0,-73.5
"46",-1,-73.5
"46",-2,-73.5
"46",-3,-73.5
"46",-4,-72.5
"46",-5,-72.5
"46",-6,-72.5
"46",-7,-72.5
"46",-8,-72.5
"46",-9,-72.5
"46",-10,-71.5
"46",-11,-70.5
"46",-12,-69.5
"46",-13,-68.5
"46",-14,-67.5
"46",-14,-66.5
"46",-14,-65.5
"46",-14,-64.5
"46",-13,-63.5
"46",-12,-62.5
"46",-11,-61.5
"46",-10,-60.5
"46",-9,-59.5
"46",-8,-58.5
"46",-7,-57.5
"46",-6,-56.5
"46",-5,-55.5
"46",-4,-54.5
"46",-3,-53.5
"46",-2,-52.5
"46",-1,-51.5
"46",0,-50.5
"46",1,-49.5
"46",2,-48.5
"46",3,-47.5
"46",4,-46.5
"46",5,-45.5
"46",6,-44.5
"46",7,-43.5
"46",8,-42.5
"46",9,-41.5
"46",10,-40.5
"46",11,-39.5
"46",12,-38.5
"46",13,-37.5
"46",14,-36.5
"46",14,-35.5
"46",14,-34.5
"46",14,-33.5
"46",14,-32.5
"46",14,-31.5
"46",14,-30.5
"46",14,-29.5
"46",13,-28.5
"46",12,-27.5
"46",11,-26.5
"46",10,-25.5
"46",9,-24.5
"46",8,-23.5
"46",7,-22.5
"46",6,-21.5
"46",5,-20.5
"46",4,-19.5
"46",3,-18.5
"46",2,-17.5
"46",1,-16.5
"46",0,-15.5
"46",-1,-14.5
"46",-2,-13.5
"46",-3,-12.5
"46",-4,-11.5
"46",-5,-10.5
"46",-6,-10.5
"46",-7,-10.5
"46",-8,-9.5
"46",-9,-9.5
"46",-10,-9.5
"46",-11,-8.5
"46",-12,-7.5
"46",-13,-6.5
"46",-14,-5.5
"46",-15,-4.5
"46",-16,-3.5
"46",-17,-2.5
"46",-18,-1.5
"46",-19,-0.5
"46",-20,0.5
"46",-21,1.5
"46",-22,2.5
"46",-23,3.5
"46",-24,4.5
"46",-25,5.5
"46",-26,6.5
"46",-27,7.5
"46",-28,8.5
"46",-29,9.5
"46",-30,10.5
"46",-31,11.5
"46",-32,12.5
"46",-33,13.5
"46",-34,14.5
"46",-35,15.5
"46",-36,16.5
"46",-37,17.5
"46",-38,18.5
"46",-39,19.5
"46",-40,20.5
"46",-41,21.5
"46",-42,22.5
"46",-43,23.5
"46",-44,24.5
"46",-45,25.5
"46",-45,26.5
"46",-45,27.5
"46",-45,28.5
"46",-45,29.5
"46",-45,30.5
"46",-45,31.5
"46",-44,32.5
"46",-43,33.5
"46",-42,34.5
"46",-41,35.5
"46",-40,36.5
"46",-39,37.5
"46",-38,38.5
"46",-37,39.5
"46",-36,40.5
"46",-35,41.5
"46",-34,42.5
"46",-33,43.5
"46",-32,44.5
"46",-31,45.5
"46",-30,46.5
"46",-29,47.5
"46",-28,48.5
"46",-27,49.5
"46",-26,50.5
"46",-25,51.5
"46",-24,52.5
"46",-23,53.5
"46",-22,54.5
"46",-21,55.5
"46",-20,56.5
"46",-19,56.5
"46",-18,57.5
"46",-17,57.5
"46",-16,57.5
"46",-15,57.5
"46",-14,57.5
"46",-13,57.5
"46",-12,58.5
"46",-11,58.5
"46",-10,58.5
"46",-9,58.5
"46",-8,59.5
"46",-7,59.5
"46",-6,59.5
"46",-5,59.5
"46",-4,59.5
"46",-3,59.5
"46",-2,58.5
"46",-1,57.5
"46",0,56.5
"46",0,55.5
"46",0,54.5
"47",0,-73.5
"47",-1,-73.5
"47",-2,-73.5
"47",-3,-73.5
"47",-4,-72.5
"47",-5,-72.5
"47",-6,-72.5
"47",-7,-72.5
"47",-8,-72.5
"47",-9,-72.5
"47",-10,-71.5
"47",-11,-70.5
"47",-12,-69.5
"47",-13,-68.5
"47",-14,-67.5
"47",-14,-66.5
"47",-14,-65.5
"47",-14,-64.5
"47",-13,-63.5
"47",-12,-62.5
"47",-11,-61.5
"47",-10,-60.5
"47",-9,-59.5
"47",-8,-58.5
"47",-7,-57.5
"47",-6,-56.5
"47",-5,-55.5
"47",-4,-54.5
"47",-3,-53.5
"47",-2,-52.5
"47",-1,-51.5
"47",0,-50.5
"47",1,-49.5
"47",2,-48.5
"47",3,-47.5
"47",4,-46.5
"47",5,-45.5
"47",6,-44.5
"47",7,-43.5
"47",8,-42.5
"47",9,-41.5
"47",10,-40.5
"47",11,-39.5
"47",12,-38.5
"47",13,-37.5
"47",14,-36.5
"47",14,-35.5
"47",14,-34.5
"47",14,-33.5
"47",14,-32.5
"47",14,-31.5
"47",14,-30.5
"47",14,-29.5
"47",13,-28.5
"47",12,-27.5
"47",11,-26.5
"47",10,-25.5
"47",9,-24.5
"47",8,-23.5
"47",7,-22.5
"47",6,-21.5
"47",5,-20.5
"47",4,-19.5
"47",3,-18.5
"47",2,-17.5
"47",1,-16.5
"47",0,-15.5
"47",-1,-14.5
"47",-2,-13.5
"47",-3,-12.5
"47",-4,-11.5
"47",-5,-10.5
"47",-6,-10.5
"47",-7,-10.5
"47",-8,-9.5
"47",-9,-9.5
"47",-10,-9.5
"47",-11,-9.5
"47",-12,-8.5
"47",-13,-7.5
"47",-14,-6.5
"47",-15,-5.5
"47",-16,-4.5
"47",-17,-3.5
"47",-18,-2.5
"47",-19,-1.5
"47",-20,-0.5
"47",-21,0.5
"47",-22,1.5
"47",-23,2.5
"47",-24,3.5
"47",-25,4.5
"47",-26,5.5
"47",-27,6.5
"47",-28,7.5
"47",-29,8.5
"47",-30,9.5
"47",-31,10.5
"47",-32,11.5
"47",-33,12.5
"47",-34,13.5
"47",-35,14.5
"47",-36,15.5
"47",-37,16.5
"47",-38,17.5
"47",-39,18.5
"47",-40,19.5
"47",-41,20.5
"47",-42,21.5
"47",-43,22.5
"47",-44,23.5
"47",-45,24.5
"47",-46,25.5
"47",-46,26.5
"47",-46,27.5
"47",-46,28.5
"47",-46,29.5
"47",-46,30.5
"47",-46,31.5
"47",-45,32.5
"47",-44,33.5
"47",-43,34.5
"47",-42,35.5
"47",-41,36.5
"47",-40,37.5
"47",-39,38.5
"47",-38,39.5
"47",-37,40.5
"47",-36,41.5
"47",-35,42.5
"47",-34,43.5
"47",-33,44.5
"47",-32,45.5
"47",-31,46.5
"47",-30,47.5
"47",-29,48.5
"47",-28,49.5
"47",-27,50.5
"47",-26,51.5
"47",-25,52.5
"47",-24,53.5
"47",-23,54.5
"47",-22,55.5
"47",-21,55.5
"47",-20,56.5
"47",-19,56.5
"47",-18,56.5
"47",-17,57.5
"47",-16,57.5
"47",-15,57.5
"47",-14,57.5
"47",-13,57.5
"47",-12,58.5
"47",-11,58.5
"47",-10,58.5
"47",-9,58.5
"47",-8,59.5
"47",-7,59.5
"47",-6,59.5
"47",-5,59.5
"47",-4,59.5
"47",-3,59.5
"47",-2,58.5
"47",-1,57.5
"47",0,56.5
"47",0,55.5
"47",0,54.5
